id,first_name,last_name,email,gender,ip_compra,aeroporto_origem,aeroporto_destino,data_ida,data_retorno
1,Nellie,Sympson,nsympson0@mlb.com,Female,25.142.172.161,SJO,CPU,21/02/2022,05/08/2023
2,Andres,Keerl,akeerl1@tmall.com,Male,184.95.105.137,BJO,IXS,07/06/2022,13/11/2023
3,Cristian,Heaselgrave,cheaselgrave2@gnu.org,Male,216.252.83.139,FRK,RDA,21/04/2021,14/05/2023
4,Ivy,Vicar,ivicar3@blogtalkradio.com,Female,145.110.53.156,0,FZO,01/04/2021,18/09/2023
5,Emelita,Moggach,emoggach4@bizjournals.com,Female,214.79.208.151,TKZ,TXU,18/11/2021,25/07/2023
6,Yoshi,Coppin,ycoppin5@blogspot.com,Female,104.160.113.114,CMB,TDO,08/09/2022,01/06/2023
7,Harriett,Abriani,habriani6@answers.com,Female,248.171.230.198,OGE,QUG,09/11/2021,25/09/2023
8,Deni,Nerger,dnerger7@admin.ch,Female,236.219.222.82,NNK,VDR,09/05/2022,31/08/2023
9,Eldin,Rimes,erimes8@ifeng.com,Male,75.246.164.1,KKQ,CPN,02/03/2023,11/10/2023
10,Claudie,Dearl,cdearl9@live.com,Female,112.197.57.22,TRI,LNR,30/06/2021,26/08/2023
11,Lida,Bastick,lbasticka@dyndns.org,Female,55.231.242.239,ROY,MLG,18/06/2022,02/01/2024
12,Colene,Simeoni,csimeonib@globo.com,Female,111.38.31.205,DHA,TLV,08/03/2023,17/06/2023
13,Xever,Brownsword,xbrownswordc@google.com.au,Male,77.199.42.21,TSV,EGV,15/09/2021,18/12/2023
14,Emelyne,Dudman,edudmand@meetup.com,Female,226.242.241.116,BAJ,LNQ,08/11/2021,29/12/2023
15,Gray,Beckhouse,gbeckhousee@statcounter.com,Male,149.104.213.112,KMQ,SPA,11/03/2022,05/11/2023
16,Mariya,Phillott,mphillottf@arstechnica.com,Female,78.49.49.245,QPA,ISU,03/10/2022,28/04/2023
17,Vivien,Petzold,vpetzoldg@tinyurl.com,Female,151.50.56.137,TGR,ZSP,02/07/2022,27/12/2023
18,Jeremias,Kalberer,jkalbererh@multiply.com,Male,134.164.255.207,KLK,SKY,01/07/2021,22/09/2023
19,Dody,Woolner,dwoolneri@drupal.org,Female,125.222.179.89,BTD,TBW,09/05/2022,07/01/2024
20,Sophronia,Minette,sminettej@phoca.cz,Female,108.248.152.125,EVN,GUC,28/01/2022,18/06/2023
21,Barbabra,Tipling,btiplingk@vinaora.com,Female,222.190.235.226,DIS,WPL,04/03/2022,10/12/2023
22,Gaynor,Sparshutt,gsparshuttl@printfriendly.com,Female,65.207.71.190,SBF,0,19/05/2021,18/02/2024
23,Hadley,Harlock,hharlockm@dyndns.org,Genderqueer,191.243.124.134,MJF,KKT,11/11/2022,20/03/2024
24,Richie,Ilyukhov,rilyukhovn@bandcamp.com,Male,124.171.233.198,IAG,ERI,28/07/2022,04/10/2023
25,Torre,Mansell,tmansello@theglobeandmail.com,Male,197.148.8.61,VBY,INJ,17/07/2021,06/03/2024
26,Francoise,Habben,fhabbenp@biblegateway.com,Female,98.104.80.0,LID,BYS,06/10/2022,28/04/2023
27,Morganica,Jelf,mjelfq@miibeian.gov.cn,Female,48.9.65.218,GOJ,CML,21/08/2021,02/09/2023
28,Antony,Wharfe,awharfer@unc.edu,Male,4.3.212.7,CUH,NVR,27/04/2021,16/01/2024
29,Gunner,Petett,gpetetts@ucoz.com,Male,24.169.29.83,MXE,BCT,29/04/2021,08/05/2023
30,Romy,Houltham,rhoulthamt@t-online.de,Polygender,48.106.238.102,MPD,CXY,21/09/2021,09/05/2023
31,Sebastian,Symcox,ssymcoxu@csmonitor.com,Male,152.189.138.166,GGG,FAU,13/10/2021,20/12/2023
32,Dianna,Dunstall,ddunstallv@vkontakte.ru,Female,218.147.231.125,LPY,LGF,15/12/2022,14/04/2023
33,Baxy,Skiplorne,bskiplornew@exblog.jp,Male,136.170.6.111,LCY,JRO,08/05/2021,09/01/2024
34,Salomo,Whitear,swhitearx@gnu.org,Male,237.100.232.22,FFL,KST,24/02/2023,05/04/2023
35,Blaire,Orneblow,borneblowy@netscape.com,Female,112.55.52.234,MZC,FRZ,05/09/2021,02/07/2023
36,Raine,Silkston,rsilkstonz@smugmug.com,Female,102.246.70.211,OBU,TRY,23/11/2021,11/07/2023
37,Karine,Rakes,krakes10@census.gov,Bigender,136.85.5.100,RIS,BMN,09/04/2022,05/10/2023
38,Dale,Knowler,dknowler11@tripod.com,Female,70.121.110.124,WRY,XMY,23/07/2022,01/12/2023
39,Petey,Martynikhin,pmartynikhin12@businesswire.com,Male,10.132.111.235,CNU,YQB,26/12/2021,24/07/2023
40,Lawry,Kett,lkett13@admin.ch,Male,178.246.210.83,HRO,WTB,26/07/2022,13/06/2023
41,Everett,Dinsey,edinsey14@google.com.hk,Male,84.181.35.131,SRI,SIH,30/11/2022,05/03/2024
42,Gris,Caslake,gcaslake15@blinklist.com,Male,102.100.197.36,TTA,RGL,25/03/2022,23/09/2023
43,Jeannine,Kuschek,jkuschek16@desdev.cn,Female,182.176.166.35,LIN,SLK,29/07/2022,17/06/2023
44,Cody,Boch,cboch17@behance.net,Male,187.202.60.106,UAS,APW,06/08/2022,16/01/2024
45,Anne-marie,Corneil,acorneil18@economist.com,Female,124.53.196.88,BGC,PVS,17/05/2021,19/09/2023
46,Rivi,Whacket,rwhacket19@bloglovin.com,Female,150.101.24.120,OHE,RWN,05/04/2021,22/02/2024
47,Rancell,Venton,rventon1a@shop-pro.jp,Male,215.226.252.79,EDI,GUQ,26/12/2021,16/04/2023
48,Aubry,Olliff,aolliff1b@nature.com,Female,207.15.4.158,CRE,DRC,30/06/2022,18/09/2023
49,Gustaf,Murrigan,gmurrigan1c@networkadvertising.org,Male,153.190.140.43,WHF,TKQ,16/04/2022,21/01/2024
50,Ashleigh,Isselee,aisselee1d@taobao.com,Female,32.47.45.230,OGB,TNW,02/12/2022,29/03/2023
51,Andrej,Fromont,afromont1e@naver.com,Male,188.251.55.196,URC,PHD,10/12/2021,23/11/2023
52,Reginauld,Leat,rleat1f@cnet.com,Male,123.87.44.41,LDG,CUD,25/10/2021,08/12/2023
53,Arden,Satford,asatford1g@jigsy.com,Female,18.238.110.129,IXG,IAH,17/10/2022,22/08/2023
54,Linea,Grabb,lgrabb1h@nba.com,Female,30.240.11.198,HGD,FTE,24/01/2022,30/08/2023
55,Jammal,Yukhov,jyukhov1i@newsvine.com,Male,93.18.90.228,GXQ,TCT,29/01/2023,13/10/2023
56,Timmi,Kitchingman,tkitchingman1j@pagesperso-orange.fr,Female,221.87.22.252,NYA,BNY,09/08/2022,10/03/2024
57,Nanete,Jansey,njansey1k@ustream.tv,Female,183.219.164.16,JRB,KVB,26/06/2021,06/10/2023
58,Rickie,Breche,rbreche1l@skyrock.com,Male,91.180.27.233,YQU,TXK,17/11/2022,21/03/2024
59,Philipa,Bickerstaff,pbickerstaff1m@mediafire.com,Female,235.61.191.101,TLC,PCH,25/02/2022,27/08/2023
60,Lizzy,Hollington,lhollington1n@hud.gov,Female,46.251.175.194,ENN,LMM,02/03/2023,08/06/2023
61,Shela,Gooder,sgooder1o@typepad.com,Female,24.82.24.36,YPJ,LIF,18/12/2022,09/12/2023
62,Sherrie,Stelli,sstelli1p@pen.io,Female,107.159.237.199,ALW,DJN,25/09/2021,29/08/2023
63,Jules,Soames,jsoames1q@spotify.com,Male,52.166.33.185,BDF,VLI,28/09/2021,22/09/2023
64,Danica,Sellan,dsellan1r@si.edu,Female,25.184.218.47,ILZ,IDP,07/04/2022,03/06/2023
65,Ches,Cubin,ccubin1s@shinystat.com,Male,178.45.247.241,BBR,HEB,19/05/2021,09/01/2024
66,Catha,Scarrisbrick,cscarrisbrick1t@marketwatch.com,Female,118.32.7.203,GNN,WIN,05/07/2021,30/08/2023
67,Clemmie,Alelsandrovich,calelsandrovich1u@dedecms.com,Female,183.164.2.184,BGC,QRW,25/09/2022,11/10/2023
68,Rosa,Chatelain,rchatelain1v@epa.gov,Female,76.126.134.196,TKC,GRW,05/04/2021,18/10/2023
69,Bar,Keenleyside,bkeenleyside1w@nifty.com,Male,185.226.223.67,SQH,LYP,22/11/2021,07/03/2024
70,Jedediah,Biggans,jbiggans1x@sohu.com,Male,119.159.249.146,TYB,THO,13/12/2021,23/01/2024
71,Fonzie,Rottger,frottger1y@guardian.co.uk,Male,8.170.181.232,ANE,HJJ,08/06/2022,13/02/2024
72,Trefor,Chisman,tchisman1z@unesco.org,Male,5.173.111.131,GVW,MAE,02/07/2022,03/05/2023
73,Lexis,Grigolon,lgrigolon20@netlog.com,Female,86.126.206.105,RKE,SYF,08/07/2022,06/05/2023
74,Kristi,Annes,kannes21@bloglovin.com,Female,201.226.97.84,KBF,KBA,05/02/2023,21/09/2023
75,Ferdinanda,Pippard,fpippard22@quantcast.com,Genderfluid,161.79.91.219,BDH,SQY,16/05/2021,16/06/2023
76,Myra,Caulwell,mcaulwell23@shinystat.com,Female,60.251.80.89,CBQ,KRA,02/12/2021,13/03/2024
77,Burr,Tayler,btayler24@disqus.com,Male,215.206.226.104,GEM,YKE,09/07/2021,23/04/2023
78,Martin,Attride,mattride25@dailymotion.com,Male,14.160.236.197,HEK,SYD,18/08/2021,30/08/2023
79,Marna,Raleston,mraleston26@economist.com,Female,100.128.175.123,KXE,NLE,07/08/2021,29/07/2023
80,Lemuel,Hebbard,lhebbard27@eventbrite.com,Polygender,53.195.105.240,SJW,GFY,30/09/2021,27/06/2023
81,Blair,Butlin,bbutlin28@psu.edu,Male,255.21.23.89,ULI,SUR,01/02/2022,10/10/2023
82,Ramsey,McCreery,rmccreery29@icq.com,Male,158.78.132.30,CRZ,ANR,19/09/2021,21/02/2024
83,Cozmo,Coundley,ccoundley2a@edublogs.org,Male,63.55.148.50,ACD,MEY,18/07/2021,12/12/2023
84,Dian,De Haven,ddehaven2b@over-blog.com,Genderfluid,88.36.204.251,PHN,WME,29/04/2022,20/05/2023
85,Tiphani,Jahnisch,tjahnisch2c@weebly.com,Female,194.250.24.32,MDJ,VAA,16/10/2021,19/06/2023
86,Sven,Wainwright,swainwright2d@hostgator.com,Male,250.105.133.61,TMF,HME,06/12/2021,22/07/2023
87,Wernher,Maxworthy,wmaxworthy2e@ihg.com,Male,227.56.124.44,SAN,SYE,22/07/2021,25/09/2023
88,Persis,Moring,pmoring2f@tumblr.com,Female,174.35.181.232,KEN,ORC,02/06/2022,02/08/2023
89,Kendell,Janczak,kjanczak2g@ucsd.edu,Male,49.115.60.80,FVR,SNI,26/08/2021,18/02/2024
90,Allianora,Farre,afarre2h@yellowpages.com,Female,123.161.240.121,MHB,EUX,30/10/2021,12/11/2023
91,Marsiella,Gilchriest,mgilchriest2i@mysql.com,Female,63.243.7.80,ZBR,LBL,21/08/2022,30/03/2023
92,Edgardo,Dewing,edewing2j@latimes.com,Male,251.189.24.219,FYJ,HUJ,07/03/2023,14/02/2024
93,Roy,Ponter,rponter2k@archive.org,Male,216.176.79.190,KUD,INH,23/09/2022,09/04/2023
94,Rachael,Cornbell,rcornbell2l@sciencedirect.com,Female,113.161.72.199,YQV,MNJ,16/07/2021,11/05/2023
95,Wyatt,Midlar,wmidlar2m@xinhuanet.com,Male,105.98.64.16,DNX,JAC,03/09/2021,21/04/2023
96,Kendrick,Westpfel,kwestpfel2n@icq.com,Male,19.228.45.28,BDB,GGT,26/03/2022,11/07/2023
97,Kizzie,Simpson,ksimpson2o@newyorker.com,Female,11.37.103.58,BEU,UNA,06/09/2022,19/09/2023
98,Nicky,Henlon,nhenlon2p@auda.org.au,Male,13.67.115.145,LST,REP,16/10/2021,14/11/2023
99,Hilde,Gasparro,hgasparro2q@twitter.com,Female,198.51.154.172,AWB,GSI,22/08/2021,16/03/2024
100,Kippar,Gisbey,kgisbey2r@sciencedaily.com,Male,177.244.118.228,NSH,HME,18/04/2022,21/08/2023
101,Coralie,Shortt,cshortt2s@loc.gov,Female,146.81.112.159,FSM,EBM,09/05/2021,26/08/2023
102,Bel,Muskett,bmuskett2t@mac.com,Female,24.155.117.72,TGG,UOL,12/12/2022,02/06/2023
103,Florance,Gold,fgold2u@rediff.com,Non-binary,156.145.139.117,KWM,LBV,31/08/2022,23/08/2023
104,Bonnibelle,Redier,bredier2v@latimes.com,Female,180.43.193.214,LAD,TQN,14/05/2021,14/04/2023
105,Dael,Guerrieri,dguerrieri2w@mozilla.com,Female,245.160.73.178,KOM,YPI,19/09/2021,23/07/2023
106,Coralie,Dubois,cdubois2x@xing.com,Female,117.160.142.208,GDA,BNG,06/02/2022,26/04/2023
107,Putnam,Glew,pglew2y@accuweather.com,Male,207.196.146.204,MMU,BHS,18/03/2023,04/09/2023
108,Janis,Hugonnet,jhugonnet2z@free.fr,Female,116.156.118.227,UTC,XKA,24/07/2022,30/03/2023
109,Margit,McClintock,mmcclintock30@yahoo.com,Female,172.84.172.99,KMH,SZP,26/01/2022,23/05/2023
110,Husain,Hillen,hhillen31@live.com,Male,41.36.238.234,BDT,CTC,18/03/2022,20/04/2023
111,Kaiser,Groll,kgroll32@cpanel.net,Male,99.141.165.8,REG,OWK,17/03/2022,26/10/2023
112,Zulema,Dhenin,zdhenin33@nps.gov,Agender,238.212.223.130,XIE,TTA,02/12/2021,25/08/2023
113,Catharina,Edelheid,cedelheid34@cafepress.com,Female,184.51.54.230,DBV,BYW,30/08/2022,10/08/2023
114,Jelene,Schimpke,jschimpke35@google.de,Female,210.212.235.131,GTK,EDN,03/01/2022,01/04/2023
115,Vinnie,Eastwell,veastwell36@google.com.au,Female,193.153.245.226,LDO,OKV,22/10/2022,14/07/2023
116,Sally,Noar,snoar37@ezinearticles.com,Female,252.146.74.89,YJT,NUB,18/10/2021,30/07/2023
117,Hewett,Gwalter,hgwalter38@prnewswire.com,Male,130.174.83.206,SRN,PHD,28/01/2022,30/03/2023
118,Crosby,Reedick,creedick39@usa.gov,Male,37.231.245.200,LZA,SAR,05/01/2023,08/07/2023
119,Kirby,Neligan,kneligan3a@discovery.com,Male,169.47.249.207,ASR,GGT,21/11/2021,01/10/2023
120,Creighton,Goodswen,cgoodswen3b@cisco.com,Male,183.117.141.58,ELD,ODD,19/10/2021,30/01/2024
121,Stanleigh,Lankester,slankester3c@nasa.gov,Male,55.31.75.237,SIU,YUT,09/08/2021,24/07/2023
122,Lorettalorna,Woodyer,lwoodyer3d@aol.com,Female,22.132.24.243,MLU,QGQ,08/05/2022,04/02/2024
123,Chrysa,Agus,cagus3e@tumblr.com,Female,54.85.81.188,HUL,QXH,08/05/2022,21/03/2024
124,Rossie,Southworth,rsouthworth3f@delicious.com,Male,222.56.40.135,BCB,GGR,26/05/2021,20/02/2024
125,Lian,Bastian,lbastian3g@oaic.gov.au,Genderfluid,61.109.228.86,BEK,PRS,09/05/2021,08/03/2024
126,Walther,Berkley,wberkley3h@chicagotribune.com,Male,137.251.234.205,RLO,KCZ,22/09/2021,26/01/2024
127,Fleurette,Thunders,fthunders3i@over-blog.com,Polygender,41.111.84.54,TKU,ANI,14/11/2021,03/08/2023
128,Blinni,Fazan,bfazan3j@google.com.br,Female,89.44.118.131,MAB,PTM,13/12/2022,14/05/2023
129,Loella,Shanley,lshanley3k@epa.gov,Female,186.76.6.5,EGP,PXR,15/08/2022,27/07/2023
130,Florence,Lipyeat,flipyeat3l@joomla.org,Female,27.244.209.20,BGA,TDR,22/09/2021,15/11/2023
131,Dorry,Sherme,dsherme3m@wp.com,Female,220.45.178.206,YZF,BEQ,14/09/2022,28/02/2024
132,Devlen,Broschke,dbroschke3n@youtu.be,Male,108.92.180.235,YBB,ISU,25/12/2021,11/01/2024
133,Aidan,Stairs,astairs3o@princeton.edu,Non-binary,21.236.220.84,KPN,AHB,03/06/2021,01/09/2023
134,Fabiano,Mansuer,fmansuer3p@washingtonpost.com,Male,11.118.223.213,EML,KQA,15/01/2023,22/02/2024
135,Mitchael,Paragreen,mparagreen3q@youku.com,Male,215.212.200.49,YYB,KAW,29/10/2022,16/08/2023
136,Caritta,Burcher,cburcher3r@rediff.com,Bigender,249.48.34.53,SMQ,GEV,15/11/2022,28/07/2023
137,Patty,Dunstone,pdunstone3s@naver.com,Male,135.92.162.234,IKL,DEI,27/05/2022,07/06/2023
138,Clarine,Leile,cleile3t@google.nl,Female,115.132.16.176,BPC,SBS,30/05/2022,18/12/2023
139,Brendin,Rumble,brumble3u@shop-pro.jp,Bigender,141.222.248.162,GEW,PMQ,03/06/2022,13/03/2024
140,Fayette,Learoyd,flearoyd3v@shop-pro.jp,Female,69.210.118.165,MUO,TKN,17/02/2023,03/07/2023
141,Quentin,McKeand,qmckeand3w@lycos.com,Male,6.100.206.121,UYN,HLL,04/04/2021,26/08/2023
142,Niki,Edmundson,nedmundson3x@symantec.com,Male,174.66.243.215,HHE,RSJ,30/03/2022,16/08/2023
143,Jolie,Leasor,jleasor3y@usgs.gov,Non-binary,53.64.58.165,JRO,KHZ,10/12/2022,05/09/2023
144,Heinrik,Watkinson,hwatkinson3z@google.es,Male,10.253.137.118,ELI,ADE,31/08/2022,03/05/2023
145,Jayme,Biner,jbiner40@feedburner.com,Male,108.151.222.88,PYH,PIV,14/04/2021,12/05/2023
146,Ardis,Mathiassen,amathiassen41@elpais.com,Female,205.204.101.97,CKN,SRN,20/02/2022,27/02/2024
147,Hilarius,Lambricht,hlambricht42@dot.gov,Male,96.11.199.119,GJM,MUH,29/06/2022,10/09/2023
148,Anton,Comello,acomello43@webs.com,Male,251.153.67.148,ALG,GUP,27/09/2021,27/02/2024
149,Ulrikaumeko,Vivian,uvivian44@census.gov,Female,168.255.213.233,LLK,NTG,27/01/2022,13/04/2023
150,Christabella,Maskelyne,cmaskelyne45@xinhuanet.com,Female,44.199.119.102,FBE,GYA,26/01/2022,26/10/2023
151,Jolynn,Menault,jmenault46@aol.com,Female,81.255.2.75,LQN,CLH,18/02/2023,18/04/2023
152,Brigid,Cardenas,bcardenas47@icio.us,Female,241.115.197.228,IGD,EIY,18/04/2022,25/10/2023
153,Emelda,Cammis,ecammis48@list-manage.com,Genderfluid,126.37.105.241,VHV,IGR,18/03/2023,10/04/2023
154,Madelin,Licquorish,mlicquorish49@toplist.cz,Female,171.191.207.145,LFM,MTL,15/09/2021,20/04/2023
155,Aurelea,Dalman,adalman4a@paypal.com,Female,9.211.122.217,WSG,ASI,12/05/2021,02/09/2023
156,Dulce,Brompton,dbrompton4b@1und1.de,Female,247.140.123.93,SCT,BIM,20/12/2021,02/01/2024
157,Minnaminnie,Stoffler,mstoffler4c@blogger.com,Female,232.32.127.223,UTI,DYU,06/11/2022,07/06/2023
158,Michele,Howat,mhowat4d@auda.org.au,Male,199.135.166.23,PKO,CPX,01/09/2022,17/12/2023
159,Fabio,Firmage,ffirmage4e@cdc.gov,Male,101.172.176.234,SHC,AAU,28/04/2021,11/02/2024
160,Jolene,Balchen,jbalchen4f@mapy.cz,Female,33.16.126.50,YLR,TLM,28/04/2021,20/05/2023
161,Charles,Piatkowski,cpiatkowski4g@hexun.com,Male,173.218.231.10,BGC,YYS,26/11/2021,24/03/2023
162,Gil,Pennetti,gpennetti4h@hubpages.com,Male,248.37.170.67,CTU,UKH,18/11/2021,16/06/2023
163,Pavlov,Krug,pkrug4i@cpanel.net,Male,81.132.139.236,SBF,DDU,13/06/2021,23/05/2023
164,Alard,Gonthier,agonthier4j@altervista.org,Male,56.156.75.11,YKN,EKB,04/01/2022,20/11/2023
165,Constance,Dearsley,cdearsley4k@seesaa.net,Female,107.88.218.140,AQJ,TCJ,26/01/2022,28/11/2023
166,Sauveur,Beetham,sbeetham4l@webeden.co.uk,Male,212.10.69.26,KJH,COD,02/07/2021,12/11/2023
167,Cherilynn,Bengochea,cbengochea4m@histats.com,Female,157.28.1.58,RHV,IGM,25/01/2022,17/10/2023
168,Aeriela,Gowland,agowland4n@nhs.uk,Female,222.3.51.241,HAX,BZS,14/09/2021,28/05/2023
169,Nettle,Strathdee,nstrathdee4o@google.com.br,Female,70.117.87.150,SSN,SJD,30/11/2021,18/10/2023
170,Mellie,Maryska,mmaryska4p@gnu.org,Female,185.136.5.82,RAT,CZU,12/10/2021,07/10/2023
171,Nicolas,Kristufek,nkristufek4q@barnesandnoble.com,Male,154.198.149.172,MET,HEX,26/08/2021,31/01/2024
172,Torry,Munsey,tmunsey4r@marketwatch.com,Male,192.218.115.124,JIO,TLG,20/11/2021,14/12/2023
173,Erhard,Baddoe,ebaddoe4s@nps.gov,Male,24.26.218.254,BGP,ESS,20/03/2023,05/12/2023
174,Kylie,Levington,klevington4t@jiathis.com,Polygender,121.243.19.166,LSK,0,05/10/2021,26/07/2023
175,Avrom,Winkett,awinkett4u@npr.org,Male,209.236.81.69,XCZ,APO,25/10/2022,14/04/2023
176,Kati,Ambrosi,kambrosi4v@angelfire.com,Female,147.209.83.86,QRY,LJN,02/09/2021,30/12/2023
177,Sonnie,Laboune,slaboune4w@hud.gov,Agender,233.51.160.110,EPU,LRR,23/04/2021,18/05/2023
178,Cad,Weepers,cweepers4x@hhs.gov,Male,188.224.196.181,PKT,RBF,29/06/2022,01/08/2023
179,Kylie,Fromont,kfromont4y@mac.com,Male,129.46.85.255,CBU,DRI,21/08/2021,10/06/2023
180,Koren,Crofts,kcrofts4z@hostgator.com,Female,203.169.214.99,AOD,URN,31/01/2022,25/12/2023
181,Berkie,Hicken,bhicken50@symantec.com,Male,117.234.162.191,FAA,NGQ,26/07/2022,21/06/2023
182,Gilburt,Sheasby,gsheasby51@cornell.edu,Male,248.11.41.231,UAQ,DLS,05/09/2021,12/05/2023
183,Katuscha,Esel,kesel52@blogspot.com,Female,147.10.141.7,AUE,MOH,27/04/2021,26/05/2023
184,Deva,Pietrowski,dpietrowski53@ucoz.com,Female,80.191.78.255,YYB,PIV,09/03/2022,27/04/2023
185,Edithe,Ingerfield,eingerfield54@google.ca,Female,167.201.5.120,CJS,YBL,08/06/2022,27/03/2023
186,Damian,Swains,dswains55@tripod.com,Male,54.59.117.119,FHU,TLQ,03/12/2022,25/01/2024
187,Yvon,Murrie,ymurrie56@nba.com,Male,116.252.248.236,DQH,KOC,23/02/2022,05/03/2024
188,Livia,Hanhardt,lhanhardt57@google.co.uk,Female,186.56.110.62,ZAD,CCN,25/05/2022,06/12/2023
189,Toma,True,ttrue58@nyu.edu,Female,165.146.177.71,BZY,DGM,25/05/2021,07/02/2024
190,Jayne,Barhims,jbarhims59@wiley.com,Female,169.234.64.70,JUR,LIZ,04/12/2022,25/06/2023
191,Theobald,Dampier,tdampier5a@ifeng.com,Male,150.7.5.134,FFD,AAL,12/04/2022,20/04/2023
192,Thornton,Wileman,twileman5b@unicef.org,Male,0.234.223.240,NDF,EJT,31/07/2022,24/10/2023
193,Kerry,Kervin,kkervin5c@angelfire.com,Female,172.207.16.164,DGP,CIR,01/11/2022,11/04/2023
194,Stephanus,Stinton,sstinton5d@usa.gov,Male,16.167.100.63,LXG,SOO,20/08/2022,15/08/2023
195,Marice,Ludlam,mludlam5e@bravesites.com,Female,151.198.68.23,TMP,ATD,31/08/2022,06/06/2023
196,Clayton,Raiman,craiman5f@zdnet.com,Male,251.29.36.2,FYV,LTO,01/09/2021,19/12/2023
197,Luise,Lenglet,llenglet5g@yelp.com,Female,100.115.179.238,BYF,CNT,29/01/2023,14/06/2023
198,Erma,Emmines,eemmines5h@fc2.com,Female,235.143.1.101,BEG,SGK,30/12/2021,01/02/2024
199,Gussi,Rolley,grolley5i@csmonitor.com,Non-binary,133.31.216.3,CYX,HCM,30/10/2021,15/04/2023
200,Kahaleel,Mapstone,kmapstone5j@examiner.com,Male,115.231.232.80,ZYL,AAL,02/05/2021,20/12/2023
201,Sancho,McArdle,smcardle5k@hud.gov,Male,192.167.100.195,WIT,MVB,11/09/2021,10/12/2023
202,Vaughn,Russo,vrusso5l@patch.com,Male,241.174.37.234,ORO,KXU,06/02/2023,07/04/2023
203,Erina,Lafflina,elafflina5m@yandex.ru,Female,250.51.46.200,CZP,RVS,13/07/2021,23/05/2023
204,Dilan,Leese,dleese5n@salon.com,Male,169.16.14.40,USR,KLH,03/05/2021,17/11/2023
205,Diane-marie,Twells,dtwells5o@imgur.com,Female,219.119.58.47,BUK,PRO,25/07/2021,11/08/2023
206,Ramon,Rowbottam,rrowbottam5p@symantec.com,Male,230.169.78.109,GCT,CVL,27/06/2021,27/04/2023
207,Freda,Trippitt,ftrippitt5q@arizona.edu,Female,24.59.99.45,SRE,OAG,05/10/2022,03/10/2023
208,Gavin,aManger,gamanger5r@com.com,Male,160.39.166.48,AAO,WTE,31/08/2022,05/06/2023
209,Drake,Padginton,dpadginton5s@jiathis.com,Male,64.113.200.125,GCV,MFK,06/03/2022,09/10/2023
210,Giles,Gumn,ggumn5t@wufoo.com,Male,201.32.69.137,JXN,KCH,24/07/2021,27/06/2023
211,Jena,Jeffrey,jjeffrey5u@miitbeian.gov.cn,Female,177.121.45.151,TUO,KKH,22/09/2021,12/04/2023
212,Aimee,Rodgers,arodgers5v@cnn.com,Female,44.89.81.10,NMS,IWA,30/04/2021,25/04/2023
213,Brucie,Crutchley,bcrutchley5w@google.com,Male,62.89.183.237,NZE,YKO,19/08/2022,04/11/2023
214,Erminie,Ashment,eashment5x@multiply.com,Female,56.128.152.230,USH,YRI,01/06/2021,28/05/2023
215,Yancey,Grogona,ygrogona5y@phoca.cz,Male,53.123.20.251,JOM,MPT,04/02/2023,16/05/2023
216,Pearline,Angelini,pangelini5z@creativecommons.org,Female,112.4.204.34,QLA,PXU,06/05/2022,24/12/2023
217,Francis,Prettyman,fprettyman60@dion.ne.jp,Male,97.135.179.184,ELU,FNG,01/11/2021,29/05/2023
218,Waylin,Dorrell,wdorrell61@japanpost.jp,Male,82.30.183.204,FKN,AAO,12/01/2023,11/01/2024
219,Branden,Ofener,bofener62@forbes.com,Male,15.34.227.167,MXP,ELQ,21/09/2022,07/07/2023
220,Farris,Poolman,fpoolman63@shutterfly.com,Male,111.199.240.145,ELM,HCM,24/10/2022,14/08/2023
221,Cosmo,Berrycloth,cberrycloth64@t.co,Male,105.77.61.239,OKQ,HEK,03/03/2023,18/06/2023
222,Henrietta,Clevely,hclevely65@archive.org,Female,166.9.30.141,LYT,EQS,26/05/2021,13/12/2023
223,Celine,Paramore,cparamore66@histats.com,Female,95.70.32.105,MDL,NMB,30/12/2022,21/11/2023
224,Bernette,Kneeland,bkneeland67@ucla.edu,Female,150.216.233.4,DLE,CBT,29/08/2021,23/11/2023
225,Fionnula,Gladdor,fgladdor68@mit.edu,Female,230.38.155.68,XMS,KGM,10/12/2022,16/06/2023
226,Robert,Heale,rheale69@jalbum.net,Male,13.197.161.226,SFL,UUK,26/08/2021,13/11/2023
227,Nettie,Rivelon,nrivelon6a@arizona.edu,Female,21.203.242.32,CDJ,MOU,20/12/2021,15/12/2023
228,Hamish,Salzen,hsalzen6b@digg.com,Male,146.55.226.14,LPP,MMK,16/05/2021,08/06/2023
229,Sherie,Humburton,shumburton6c@marriott.com,Female,118.71.231.0,KIO,KOP,09/10/2021,23/12/2023
230,Annetta,Caro,acaro6d@mozilla.com,Female,186.57.171.188,HIN,DOY,28/05/2021,13/03/2024
231,Kimball,Codron,kcodron6e@comcast.net,Male,135.178.81.174,SJF,KHY,09/03/2022,13/04/2023
232,Rachele,Cockran,rcockran6f@alexa.com,Female,254.45.247.66,BIT,WSG,25/12/2022,11/02/2024
233,Alan,McTeer,amcteer6g@google.co.uk,Male,86.132.98.212,GTR,WIB,07/08/2021,20/01/2024
234,Joletta,Cruikshank,jcruikshank6h@soundcloud.com,Female,63.152.58.62,JOH,SLB,11/09/2021,06/08/2023
235,Bennie,Schimpke,bschimpke6i@mapy.cz,Female,178.47.143.209,ALA,MLY,02/04/2021,04/11/2023
236,Debor,Laville,dlaville6j@comsenz.com,Non-binary,70.249.105.117,IAL,CSO,02/07/2022,23/11/2023
237,Udale,Kenningham,ukenningham6k@biglobe.ne.jp,Male,212.220.245.185,OSG,MAQ,26/12/2022,22/06/2023
238,Leigh,Gingedale,lgingedale6l@dmoz.org,Female,101.155.196.105,GAW,BBE,11/09/2021,17/02/2024
239,Kalie,Fonzone,kfonzone6m@prnewswire.com,Female,192.21.80.76,HBA,BYN,16/01/2023,08/10/2023
240,Romola,Dungee,rdungee6n@go.com,Female,52.233.42.51,CPN,PTO,08/10/2022,18/09/2023
241,Robinia,Rothert,rrothert6o@youtu.be,Female,74.253.180.121,AIN,IDR,12/12/2022,14/07/2023
242,Anson,McNeice,amcneice6p@oaic.gov.au,Male,98.164.20.67,AHC,FXE,09/10/2022,09/09/2023
243,Nels,Donnan,ndonnan6q@deliciousdays.com,Male,67.26.47.206,WAH,CHG,20/11/2021,13/12/2023
244,Nolan,Fatharly,nfatharly6r@home.pl,Male,108.214.31.240,ABP,TCB,16/11/2021,06/04/2023
245,Rosalind,Eggleston,reggleston6s@youtube.com,Female,126.58.149.240,TWD,ODB,26/06/2022,03/10/2023
246,Vanni,Vigietti,vvigietti6t@ovh.net,Female,115.129.227.117,GSW,MXX,24/07/2022,23/08/2023
247,Aretha,Housecroft,ahousecroft6u@marketwatch.com,Female,166.174.249.34,NCN,SSW,22/05/2022,03/08/2023
248,Anne,Jandel,ajandel6v@opensource.org,Female,37.136.66.239,MTR,INK,15/06/2021,03/12/2023
249,Josephine,Zamudio,jzamudio6w@mozilla.com,Female,210.198.184.82,0,BAX,13/01/2022,01/01/2024
250,Lorilyn,Maides,lmaides6x@nasa.gov,Female,32.103.41.91,ORX,RAC,28/11/2022,27/09/2023
251,Emilia,Duffit,eduffit6y@tinyurl.com,Genderfluid,220.20.241.208,SHT,KKY,15/01/2023,11/05/2023
252,Kylie,Pettingall,kpettingall6z@uiuc.edu,Male,71.48.76.144,INX,IUA,06/06/2021,15/06/2023
253,Eldon,Jaslem,ejaslem70@netvibes.com,Male,149.143.146.195,ENU,YRQ,20/03/2022,04/03/2024
254,Rock,Mines,rmines71@histats.com,Male,40.33.64.61,WIK,GVA,14/10/2021,02/11/2023
255,Dukey,Noades,dnoades72@nydailynews.com,Male,207.150.53.153,KHG,SXI,08/01/2023,01/07/2023
256,Jania,Jerok,jjerok73@bloglines.com,Female,130.34.85.66,KSE,TNN,21/06/2022,18/12/2023
257,Amalie,Vedenyapin,avedenyapin74@npr.org,Female,37.251.74.96,EUF,TBL,10/02/2023,04/10/2023
258,Garvey,Floyd,gfloyd75@ifeng.com,Male,146.102.174.126,HCC,DSD,24/07/2022,23/07/2023
259,Hughie,Cargo,hcargo76@cdbaby.com,Male,54.179.87.39,CIE,GDG,01/12/2021,15/11/2023
260,Seth,Pendock,spendock77@blinklist.com,Male,43.217.175.1,ZXT,MOU,29/01/2022,31/12/2023
261,Brody,Whittock,bwhittock78@blinklist.com,Male,161.79.2.242,SSB,BJZ,09/01/2023,04/07/2023
262,Rudie,Dawby,rdawby79@fastcompany.com,Male,201.239.57.1,AIN,SOV,05/10/2021,10/06/2023
263,Kelcey,Yon,kyon7a@bloomberg.com,Female,95.86.100.155,GDJ,GNV,24/02/2022,20/06/2023
264,Mellisent,Caneo,mcaneo7b@who.int,Female,63.247.169.203,SOU,YLI,27/10/2022,03/02/2024
265,Joleen,Sheering,jsheering7c@ovh.net,Female,119.220.230.108,TRB,OHH,08/10/2022,04/05/2023
266,Massimo,Jubert,mjubert7d@wordpress.org,Male,188.241.150.249,EDE,RTI,08/07/2022,01/01/2024
267,Joshua,Courteney,jcourteney7e@1688.com,Male,118.152.43.28,KBU,KMQ,04/08/2022,07/04/2023
268,Tibold,Blindt,tblindt7f@utexas.edu,Male,226.70.96.17,KOV,WSR,03/01/2023,18/03/2024
269,Henderson,Axup,haxup7g@sogou.com,Male,7.52.239.115,HEM,BGG,05/03/2022,26/09/2023
270,Kaylil,Parkhouse,kparkhouse7h@columbia.edu,Female,173.234.215.245,ITM,PVC,06/03/2022,12/10/2023
271,Tatiania,Lightbowne,tlightbowne7i@jugem.jp,Female,2.12.147.24,ABM,WBW,23/07/2022,07/10/2023
272,Stephen,Wheelhouse,swheelhouse7j@webnode.com,Male,232.32.157.163,USI,AZD,18/05/2021,14/09/2023
273,Raddy,Alders,ralders7k@uol.com.br,Male,71.5.148.221,BJD,AKM,26/04/2022,30/12/2023
274,Bradford,Radenhurst,bradenhurst7l@ed.gov,Male,21.185.242.155,JUT,OYL,31/12/2021,17/07/2023
275,Tamiko,Ortes,tortes7m@go.com,Female,58.207.25.165,YCY,KCO,13/04/2021,08/04/2023
276,Lauritz,Oertzen,loertzen7n@twitter.com,Male,165.135.165.140,KBB,XTG,01/11/2022,16/07/2023
277,Llewellyn,Johansen,ljohansen7o@ovh.net,Male,98.252.151.201,0,AMA,13/01/2023,15/05/2023
278,Ky,Tommen,ktommen7p@slate.com,Male,148.47.9.68,QKX,RTN,21/04/2021,01/01/2024
279,Meggie,Aisthorpe,maisthorpe7q@xing.com,Female,210.135.134.99,LNN,LLM,17/07/2022,02/01/2024
280,Ailina,Losseljong,alosseljong7r@dot.gov,Female,233.151.117.173,CHT,HKK,22/01/2023,04/01/2024
281,Harwilll,Kippins,hkippins7s@elpais.com,Male,187.229.183.89,TGQ,YRB,24/06/2022,01/09/2023
282,Jacynth,Agnolo,jagnolo7t@dropbox.com,Female,93.7.195.1,YXT,WSR,25/09/2022,02/05/2023
283,Ezri,Mullaly,emullaly7u@google.co.uk,Male,112.13.158.237,EAE,SMQ,23/07/2021,11/06/2023
284,Reinhold,Ayling,rayling7v@slideshare.net,Male,178.105.93.183,QGB,PAC,16/07/2021,11/09/2023
285,Brandyn,Phelit,bphelit7w@github.io,Male,166.136.221.238,MTP,GYU,03/02/2022,22/05/2023
286,Mala,MacLachlan,mmaclachlan7x@myspace.com,Female,246.235.240.254,SGR,WPL,29/03/2022,14/04/2023
287,Emmye,Fronzek,efronzek7y@woothemes.com,Female,193.50.53.40,PRX,MGL,23/11/2021,12/12/2023
288,Amos,Baudinelli,abaudinelli7z@over-blog.com,Male,110.218.224.10,YDW,KTB,04/07/2022,05/09/2023
289,Noam,Edmett,nedmett80@earthlink.net,Agender,77.143.133.60,BKU,TSQ,17/07/2021,05/04/2023
290,Becka,Lillyman,blillyman81@upenn.edu,Female,216.248.94.223,KPT,DAP,29/06/2022,19/12/2023
291,Zollie,Matley,zmatley82@toplist.cz,Male,172.57.167.79,TIJ,AIN,10/12/2022,16/07/2023
292,Georgi,Dorricott,gdorricott83@woothemes.com,Male,251.146.24.67,YHY,NKL,20/12/2021,17/10/2023
293,Vilhelmina,Perkin,vperkin84@cloudflare.com,Female,192.247.153.56,FNU,MEJ,23/08/2021,10/10/2023
294,Oliy,Reis,oreis85@hhs.gov,Female,227.179.114.128,HJT,MMF,07/12/2021,10/06/2023
295,Melesa,Yeo,myeo86@joomla.org,Female,111.45.48.233,NUS,ILD,22/08/2022,04/02/2024
296,Valeda,Pulman,vpulman87@t-online.de,Genderfluid,86.226.12.231,SQN,YGG,08/09/2022,17/10/2023
297,Smitty,Abrams,sabrams88@marriott.com,Male,195.35.135.17,SBY,YPG,05/08/2022,04/10/2023
298,Werner,Varne,wvarne89@exblog.jp,Male,185.235.155.81,AUQ,LUO,27/10/2021,16/12/2023
299,Troy,Culleford,tculleford8a@sogou.com,Male,32.195.220.64,NZE,IXW,30/01/2022,18/05/2023
300,Merwyn,Algeo,malgeo8b@examiner.com,Male,183.84.70.57,MOE,0,20/08/2021,09/03/2024
301,Irina,De Filippi,idefilippi8c@spiegel.de,Female,255.170.1.86,KLQ,RZN,16/08/2021,10/04/2023
302,Buiron,Swiffan,bswiffan8d@twitter.com,Male,246.138.39.65,ZFD,ARY,20/11/2022,16/04/2023
303,Hall,Grosvener,hgrosvener8e@addthis.com,Male,13.246.224.142,WWY,BFK,18/01/2023,29/09/2023
304,Austen,Barrell,abarrell8f@state.tx.us,Male,167.237.199.56,MDK,HEG,13/12/2021,22/12/2023
305,Penny,Meah,pmeah8g@about.com,Male,189.219.40.182,ARS,TLQ,21/10/2021,15/11/2023
306,Essy,Bleiman,ebleiman8h@networkadvertising.org,Female,20.108.246.29,XDE,LYC,02/01/2022,16/11/2023
307,Garv,Philott,gphilott8i@smugmug.com,Male,125.7.184.246,ACE,YSO,24/10/2022,25/04/2023
308,Welch,Mayes,wmayes8j@loc.gov,Male,43.71.121.180,BNX,AWE,12/06/2022,19/12/2023
309,Joann,Tack,jtack8k@statcounter.com,Female,210.202.220.202,CHA,TLT,31/03/2021,16/02/2024
310,Jan,Hazeley,jhazeley8l@google.com,Male,14.176.38.93,LCL,HUG,03/06/2022,15/10/2023
311,Granger,Van der Beken,gvanderbeken8m@newyorker.com,Non-binary,102.153.46.41,YDF,DIM,13/12/2022,30/01/2024
312,Granville,Wayper,gwayper8n@qq.com,Male,135.188.43.181,CYX,STW,30/07/2022,03/04/2023
313,Waiter,Buer,wbuer8o@apple.com,Non-binary,245.165.56.54,JIM,GNB,30/10/2021,17/08/2023
314,Zuzana,Bransby,zbransby8p@ftc.gov,Bigender,33.251.99.32,SSP,ICT,29/06/2022,30/05/2023
315,Clio,Calven,ccalven8q@scribd.com,Female,59.245.168.249,AIN,WSR,26/02/2022,18/01/2024
316,Raimundo,Salandino,rsalandino8r@si.edu,Male,122.151.105.172,YSN,ACD,04/04/2022,07/02/2024
317,Abelard,Dunbobbin,adunbobbin8s@bluehost.com,Male,142.154.177.56,CHX,KAY,27/04/2021,16/01/2024
318,Pancho,Deverell,pdeverell8t@altervista.org,Male,78.110.56.185,IZT,SCG,13/05/2022,04/07/2023
319,Maggee,Yeell,myeell8u@diigo.com,Female,124.19.239.12,OND,HKB,04/01/2023,26/01/2024
320,Nils,Syce,nsyce8v@bravesites.com,Male,248.92.165.81,WDH,AYK,15/04/2022,04/05/2023
321,Albrecht,Barbour,abarbour8w@livejournal.com,Male,32.163.162.134,ARA,PBV,08/09/2022,13/01/2024
322,Sterling,Hansman,shansman8x@photobucket.com,Male,87.190.188.152,CPH,PUZ,18/12/2021,05/05/2023
323,Clara,Timmes,ctimmes8y@vkontakte.ru,Female,183.95.96.145,EUC,QLF,07/11/2021,28/03/2023
324,Jessey,Bakeup,jbakeup8z@clickbank.net,Male,179.110.100.99,AVR,GWE,06/10/2021,03/02/2024
325,Donnamarie,Eicheler,deicheler90@list-manage.com,Female,238.137.11.18,HOC,ERR,17/09/2022,27/12/2023
326,Flossie,Cockings,fcockings91@miibeian.gov.cn,Female,195.187.187.214,KLZ,LIB,20/08/2022,11/08/2023
327,Augie,Headon,aheadon92@hc360.com,Male,220.10.28.94,DDC,TR7,26/08/2022,17/12/2023
328,Harriett,Blainey,hblainey93@home.pl,Female,224.40.178.253,MKG,PBQ,03/06/2021,03/07/2023
329,Adam,Doonican,adoonican94@sina.com.cn,Male,123.240.254.151,KSP,RGA,04/12/2021,30/12/2023
330,Anton,Atcherley,aatcherley95@lycos.com,Male,149.74.129.242,YRC,MHG,28/10/2022,28/09/2023
331,Olympie,Peto,opeto96@army.mil,Female,84.172.233.176,CKO,GBG,25/05/2022,23/03/2023
332,Althea,Peartree,apeartree97@hexun.com,Female,123.142.95.181,DEX,CBT,29/01/2023,25/04/2023
333,Jervis,Theyer,jtheyer98@state.gov,Male,174.247.192.211,FCO,TPF,18/12/2022,15/08/2023
334,Barton,Darrell,bdarrell99@java.com,Male,167.131.54.250,ADC,ABO,25/08/2021,10/02/2024
335,Clywd,Fairfoot,cfairfoot9a@creativecommons.org,Male,126.136.69.8,SRL,USI,21/08/2022,06/03/2024
336,Freemon,Canham,fcanham9b@cocolog-nifty.com,Genderfluid,0.190.181.230,BKN,YZF,21/10/2022,12/01/2024
337,Elga,Dunton,edunton9c@sciencedirect.com,Female,117.164.62.110,FBG,KDP,27/06/2022,14/09/2023
338,Kylie,Jeckell,kjeckell9d@cbslocal.com,Female,181.187.246.252,TXM,CNH,13/01/2022,09/06/2023
339,Maddy,Ivakin,mivakin9e@vinaora.com,Male,113.143.76.68,GRK,AMH,12/08/2021,27/08/2023
340,Stacia,Georgel,sgeorgel9f@ihg.com,Female,34.40.182.58,CAT,QRM,13/04/2021,31/03/2023
341,Elyn,Gillespie,egillespie9g@51.la,Female,250.202.10.10,AYL,YSU,06/12/2022,25/02/2024
342,Deana,Ditter,dditter9h@amazon.co.uk,Female,241.172.168.26,ESR,MPL,09/06/2021,17/03/2024
343,Tamma,Bussons,tbussons9i@fema.gov,Female,20.51.67.12,MDP,YVR,17/12/2021,22/03/2023
344,Coraline,Tongs,ctongs9j@hugedomains.com,Female,112.57.22.224,MLK,DCT,24/10/2022,17/02/2024
345,Micaela,Vaughn,mvaughn9k@odnoklassniki.ru,Agender,90.130.135.48,AOJ,WNU,21/10/2021,12/11/2023
346,Oby,Holley,oholley9l@timesonline.co.uk,Male,242.131.78.106,NGZ,EDN,11/11/2021,21/04/2023
347,Godfrey,Riddle,griddle9m@vinaora.com,Male,8.203.24.78,FEG,AMP,14/02/2023,08/04/2023
348,Vilhelmina,Roarty,vroarty9n@vkontakte.ru,Female,72.78.118.35,PPV,PAS,14/06/2021,06/02/2024
349,Reuven,Mc Carrick,rmccarrick9o@php.net,Male,35.118.130.109,CQM,HEE,15/08/2022,09/04/2023
350,Edithe,Romaines,eromaines9p@php.net,Female,164.80.12.38,PGK,KLI,07/07/2021,19/10/2023
351,Andres,Filipov,afilipov9q@privacy.gov.au,Male,39.208.9.60,NBB,GMQ,08/11/2021,03/10/2023
352,Kerr,Boullin,kboullin9r@dmoz.org,Male,122.15.134.243,ISB,BVY,14/04/2022,07/10/2023
353,Creighton,De Blasiis,cdeblasiis9s@mac.com,Male,60.170.60.112,MJJ,HRE,15/06/2021,05/03/2024
354,Sebastian,Antonio,santonio9t@bbb.org,Male,92.208.162.192,AIN,BMB,22/11/2022,25/12/2023
355,Cassondra,Droghan,cdroghan9u@github.io,Female,54.245.72.52,YCL,TCJ,06/05/2022,07/03/2024
356,Martina,Wollaston,mwollaston9v@rakuten.co.jp,Female,182.33.245.221,GHT,MDG,03/06/2022,24/10/2023
357,Phylis,Bretherick,pbretherick9w@unblog.fr,Female,225.84.212.125,QID,CPX,25/05/2022,09/04/2023
358,Winfred,Haselgrove,whaselgrove9x@nydailynews.com,Bigender,210.96.223.233,WHS,BYU,29/04/2022,18/09/2023
359,Julian,Peto,jpeto9y@edublogs.org,Male,73.133.51.59,SLT,TBH,08/10/2022,25/11/2023
360,Maria,Anwyl,manwyl9z@csmonitor.com,Female,124.159.161.43,XLO,LAH,11/11/2021,29/03/2023
361,Franni,Ringrose,fringrosea0@ucoz.ru,Female,206.242.98.154,SOX,KGJ,09/09/2022,03/06/2023
362,Edgardo,Brislen,ebrislena1@barnesandnoble.com,Male,143.28.240.134,ROA,UTH,27/01/2022,16/02/2024
363,Dennison,Kimmince,dkimmincea2@usnews.com,Male,29.241.44.66,LVM,SQO,29/07/2022,23/04/2023
364,Murray,Coxen,mcoxena3@de.vu,Male,71.44.241.83,JNZ,TJU,19/10/2022,15/05/2023
365,Joaquin,Swatheridge,jswatheridgea4@xing.com,Male,175.143.1.91,FPO,SNN,10/09/2021,18/10/2023
366,Maryjane,Rickerby,mrickerbya5@amazon.co.uk,Female,48.114.30.121,GHM,NAK,07/04/2021,15/04/2023
367,Shaun,Alden,saldena6@mediafire.com,Male,138.56.161.81,PEF,CEY,10/12/2021,02/09/2023
368,Wylma,Dinnis,wdinnisa7@blogger.com,Female,29.99.254.19,DMM,MIS,20/04/2021,27/05/2023
369,Benjy,Flowitt,bflowitta8@sbwire.com,Male,63.100.124.184,ABM,UIO,30/07/2022,23/09/2023
370,Pollyanna,Moulster,pmoulstera9@pcworld.com,Female,73.203.225.118,SRW,TUK,01/11/2021,01/10/2023
371,Brandais,Vidgeon,bvidgeonaa@printfriendly.com,Female,211.196.171.64,DMN,SOO,05/06/2021,08/12/2023
372,Yank,Haszard,yhaszardab@bloglines.com,Male,225.104.234.124,FKI,PQD,05/02/2022,16/02/2024
373,Ragnar,Turland,rturlandac@java.com,Male,136.184.156.16,BSV,HOT,10/11/2021,24/10/2023
374,Bail,Brixham,bbrixhamad@chron.com,Male,191.159.213.94,EFG,ASR,29/03/2022,08/05/2023
375,Pier,Branni,pbranniae@rediff.com,Female,4.227.21.238,TME,0,31/10/2022,04/08/2023
376,Frederico,Crathern,fcrathernaf@sun.com,Male,163.59.185.187,DEX,BJT,26/11/2022,01/05/2023
377,Carmencita,Bruhke,cbruhkeag@dagondesign.com,Female,137.251.174.223,OYP,YPL,29/10/2022,16/05/2023
378,Gwenni,Kulas,gkulasah@wired.com,Female,47.222.52.235,YQV,KWP,22/04/2021,29/07/2023
379,Nikola,MacTerrelly,nmacterrellyai@list-manage.com,Male,86.95.34.10,KBX,BUN,18/02/2023,11/04/2023
380,Cullie,Vardie,cvardieaj@people.com.cn,Male,73.58.159.56,YCQ,SUB,15/09/2022,30/06/2023
381,Danita,Bartos,dbartosak@quantcast.com,Female,208.213.71.131,YNH,YGO,24/02/2022,09/09/2023
382,Cairistiona,Anten,cantenal@comcast.net,Female,232.163.93.48,DYM,KEJ,14/09/2022,10/09/2023
383,Rene,Helwig,rhelwigam@jiathis.com,Male,135.89.2.83,BFF,XBE,24/07/2022,19/09/2023
384,Vivia,McCreery,vmccreeryan@pinterest.com,Female,62.133.86.32,ZRJ,JOL,02/09/2021,26/11/2023
385,Timi,Pedracci,tpedracciao@amazon.co.uk,Female,252.50.163.204,VNO,PRE,24/05/2022,27/12/2023
386,Otto,Rediers,orediersap@buzzfeed.com,Agender,5.144.23.10,LUQ,SNR,05/06/2021,10/07/2023
387,Maynord,Titterrell,mtitterrellaq@nih.gov,Male,223.173.229.138,RUY,SLD,28/03/2021,28/02/2024
388,Boycie,Havile,bhavilear@sbwire.com,Male,87.243.54.159,LYE,ILU,20/05/2022,08/02/2024
389,Javier,Sealove,jsealoveas@salon.com,Male,218.42.39.56,CDH,RSA,11/02/2022,12/07/2023
390,Floris,Yerborn,fyerbornat@xinhuanet.com,Agender,38.14.240.181,ULO,BLS,23/10/2021,28/10/2023
391,Marleah,Dawnay,mdawnayau@house.gov,Female,140.51.80.44,PRU,NZH,25/04/2021,30/08/2023
392,Huntley,Steedman,hsteedmanav@fda.gov,Male,160.138.252.28,HVR,FVM,26/06/2022,01/02/2024
393,Vincents,Rablen,vrablenaw@slideshare.net,Male,106.210.47.160,BAT,DPO,29/01/2023,20/01/2024
394,Addie,Kunkel,akunkelax@europa.eu,Male,105.170.201.232,SGY,KAZ,22/05/2021,24/11/2023
395,Dale,Delia,ddeliaay@e-recht24.de,Female,138.89.66.85,LPK,BML,03/06/2022,10/08/2023
396,Granthem,Oliveto,golivetoaz@patch.com,Male,127.39.97.219,NYK,BNS,18/10/2021,01/06/2023
397,Urban,Speck,uspeckb0@amazonaws.com,Male,39.37.149.207,DER,ALW,25/05/2022,17/03/2024
398,Luce,Batchelor,lbatchelorb1@yandex.ru,Female,194.12.109.101,KUQ,KBB,01/02/2023,05/07/2023
399,Yoko,Di Ruggiero,ydiruggierob2@foxnews.com,Female,146.193.49.152,CCD,FSM,20/11/2022,02/05/2023
400,Jo-anne,Gianneschi,jgianneschib3@vk.com,Female,20.70.143.146,CVT,CNJ,24/04/2021,20/02/2024
401,Stanislaus,Kirkland,skirklandb4@soundcloud.com,Male,108.200.235.109,OOK,SVL,12/03/2022,24/08/2023
402,Aloise,McCullock,amccullockb5@hubpages.com,Genderqueer,40.104.225.111,HNI,CKE,09/05/2022,29/01/2024
403,Pierette,Costley,pcostleyb6@mysql.com,Genderfluid,249.206.78.58,SVL,YCN,02/04/2021,28/04/2023
404,Belita,Fawkes,bfawkesb7@baidu.com,Female,189.64.183.1,NOU,FBU,07/09/2021,30/04/2023
405,Kare,Butterfint,kbutterfintb8@si.edu,Female,47.158.23.110,ERZ,RBT,02/08/2021,17/06/2023
406,Mellisent,McGavin,mmcgavinb9@ed.gov,Female,132.188.181.54,DAF,HVE,30/05/2021,04/05/2023
407,Mordy,Gallahar,mgallaharba@typepad.com,Male,232.148.22.108,NIF,DCY,20/07/2022,12/05/2023
408,Dani,Wigley,dwigleybb@dyndns.org,Genderfluid,203.2.239.170,VVI,CII,11/08/2022,16/08/2023
409,Quentin,MacGowing,qmacgowingbc@fotki.com,Agender,32.220.22.19,WUA,RAO,23/03/2021,28/02/2024
410,Hart,Wimbridge,hwimbridgebd@google.co.uk,Male,237.183.213.30,BDH,OXY,26/05/2022,03/07/2023
411,Buiron,Connue,bconnuebe@wired.com,Male,153.150.129.97,EBN,XPK,23/01/2022,23/07/2023
412,Meryl,Navarro,mnavarrobf@sciencedirect.com,Female,19.154.178.179,LKW,ZPB,05/01/2022,17/12/2023
413,Shawn,Rowles,srowlesbg@chronoengine.com,Male,179.180.207.198,INI,LHP,10/06/2021,27/06/2023
414,Monte,Spray,mspraybh@examiner.com,Male,249.54.126.10,KWO,OVE,06/12/2022,17/06/2023
415,Iolande,Cohn,icohnbi@dyndns.org,Female,10.57.127.46,ZFN,WRA,18/09/2021,28/07/2023
416,Sylas,Denning,sdenningbj@devhub.com,Male,209.9.71.98,URI,TER,25/04/2022,08/08/2023
417,Gawen,Poulsum,gpoulsumbk@google.com.hk,Male,217.242.169.22,AIN,BYJ,22/10/2021,31/03/2023
418,Nikkie,Skilton,nskiltonbl@webeden.co.uk,Bigender,230.88.162.98,MCZ,ABB,11/03/2022,26/08/2023
419,Tyson,Barnson,tbarnsonbm@blog.com,Non-binary,37.168.227.66,SNQ,IVR,22/01/2022,15/05/2023
420,Page,Metschke,pmetschkebn@gmpg.org,Non-binary,20.57.236.1,GNR,YQZ,10/07/2021,20/07/2023
421,Wilhelmine,Missenden,wmissendenbo@istockphoto.com,Genderfluid,236.104.15.101,KUX,CMB,28/11/2022,24/04/2023
422,Daron,Stillwell,dstillwellbp@de.vu,Female,131.127.44.32,THH,VNX,14/12/2022,08/06/2023
423,Griswold,D'eath,gdeathbq@reverbnation.com,Male,68.62.162.239,BVW,TTX,08/02/2023,20/07/2023
424,Lancelot,Coupman,lcoupmanbr@state.gov,Male,228.224.12.82,0,BZK,21/01/2023,02/02/2024
425,Horten,Busch,hbuschbs@wp.com,Male,230.115.223.184,SFU,PAC,23/06/2022,07/05/2023
426,Brook,Doram,bdorambt@wordpress.org,Genderqueer,107.112.111.154,FOY,OVE,17/02/2023,12/11/2023
427,Shae,Hoodless,shoodlessbu@purevolume.com,Male,88.166.18.32,NSY,GLI,03/04/2021,30/03/2023
428,Cherice,Codd,ccoddbv@fastcompany.com,Female,73.41.198.129,NDN,QSI,19/09/2021,14/09/2023
429,Dav,Pinnegar,dpinnegarbw@wired.com,Genderfluid,228.221.112.209,RMY,NUK,30/12/2021,11/11/2023
430,Gaile,Collyear,gcollyearbx@cnn.com,Polygender,239.157.134.135,XAL,LLA,19/03/2022,31/01/2024
431,Mayor,Messer,mmesserby@amazon.co.jp,Male,129.38.78.57,NAN,BWK,21/12/2022,15/07/2023
432,Lanie,Pinare,lpinarebz@github.io,Male,45.6.81.210,KWK,ADK,31/03/2022,30/05/2023
433,Delcine,Schistl,dschistlc0@economist.com,Female,54.216.214.26,KTX,TGP,25/09/2021,22/01/2024
434,Demetris,Deluze,ddeluzec1@so-net.ne.jp,Male,107.218.246.98,XCL,IKA,25/10/2022,07/02/2024
435,Shirlee,Lloyd-Williams,slloydwilliamsc2@opera.com,Female,216.210.155.65,ACZ,AHD,25/06/2021,13/09/2023
436,Allin,Catanheira,acatanheirac3@nifty.com,Male,156.203.37.17,CPA,CUI,17/05/2021,21/04/2023
437,Maggie,Dalrymple,mdalrymplec4@scribd.com,Genderfluid,71.197.228.117,BAH,CCB,30/04/2022,18/03/2024
438,Rachelle,Gerding,rgerdingc5@alexa.com,Female,145.131.83.115,HVK,FRK,24/01/2023,05/09/2023
439,Ferris,Leguey,flegueyc6@desdev.cn,Male,172.106.2.244,ELQ,ALC,10/01/2022,29/02/2024
440,Cassey,Barrass,cbarrassc7@newsvine.com,Female,196.138.179.129,EBN,LBX,12/06/2021,22/03/2024
441,Claudetta,Flatt,cflattc8@spotify.com,Non-binary,168.160.15.114,OSW,SXJ,13/10/2022,10/11/2023
442,Llywellyn,Humbell,lhumbellc9@gizmodo.com,Male,164.183.185.170,CDY,DSA,17/12/2021,15/08/2023
443,Noby,Tortis,ntortisca@fema.gov,Male,123.127.202.128,OIM,TJV,14/06/2021,25/06/2023
444,Doralia,Domini,ddominicb@ustream.tv,Female,180.233.217.215,MHW,WDS,25/12/2021,01/03/2024
445,Audie,Merrgen,amerrgencc@cargocollective.com,Female,156.0.207.39,CWJ,PAQ,01/04/2021,13/06/2023
446,Dieter,Lukasen,dlukasencd@miitbeian.gov.cn,Male,67.229.58.251,SOJ,PYO,12/06/2021,04/12/2023
447,Ludovika,Megarry,lmegarryce@reference.com,Female,224.16.171.101,NTD,VYS,08/03/2023,05/07/2023
448,Gail,Cossons,gcossonscf@last.fm,Male,239.63.202.133,NLO,LAX,11/11/2021,12/03/2024
449,Cy,Giorgielli,cgiorgiellicg@reverbnation.com,Male,251.67.70.218,RNE,GDL,02/08/2021,01/01/2024
450,Hurlee,O'Deoran,hodeoranch@csmonitor.com,Male,75.218.104.248,BIY,SQS,01/12/2022,13/01/2024
451,Rossy,Elphinston,relphinstonci@cbslocal.com,Polygender,78.211.108.6,ITA,CPM,12/12/2021,22/09/2023
452,Wally,Skpsey,wskpseycj@sogou.com,Female,203.126.59.99,WIR,PIS,29/06/2021,05/07/2023
453,Padraic,Dallas,pdallasck@storify.com,Male,39.181.122.96,SUM,MJC,14/10/2022,31/01/2024
454,Shannen,Reed,sreedcl@zdnet.com,Female,90.118.11.45,REE,LZR,06/02/2023,25/11/2023
455,Lucais,Niesegen,lniesegencm@gizmodo.com,Male,16.12.184.247,LDA,SYA,10/06/2021,03/05/2023
456,Chelsy,Rehn,crehncn@de.vu,Female,227.76.240.69,GDW,AAD,14/02/2022,23/05/2023
457,Audrie,Du Plantier,aduplantierco@scientificamerican.com,Female,73.220.115.167,WJA,SDJ,02/04/2021,03/08/2023
458,Garret,Wyllie,gwylliecp@woothemes.com,Male,70.64.136.48,DKR,SPA,29/08/2021,09/01/2024
459,Guthry,Mughal,gmughalcq@china.com.cn,Male,225.111.242.123,HIS,UIR,01/06/2021,23/12/2023
460,Philippe,Donke,pdonkecr@devhub.com,Female,108.63.23.144,TKN,XIY,08/06/2021,10/06/2023
461,Harriott,Scurlock,hscurlockcs@archive.org,Female,84.24.112.31,ASD,HYR,19/11/2022,10/07/2023
462,Yance,Pigdon,ypigdonct@linkedin.com,Male,68.236.56.54,MCV,WEF,17/04/2021,28/01/2024
463,Clio,Meffan,cmeffancu@yahoo.com,Female,227.76.177.225,UNN,KTX,07/12/2022,05/02/2024
464,Perceval,Attwoull,pattwoullcv@ucla.edu,Male,21.51.4.92,GKA,OUD,04/11/2022,05/07/2023
465,Clementius,Sonnenschein,csonnenscheincw@surveymonkey.com,Male,115.203.229.195,COF,PUF,26/01/2022,17/04/2023
466,Lanie,Oolahan,loolahancx@globo.com,Male,142.73.102.176,DMB,GTA,15/09/2022,03/03/2024
467,Karia,Cozby,kcozbycy@blogtalkradio.com,Female,154.199.29.230,GMM,XMI,19/11/2022,04/04/2023
468,Magdalena,Cayette,mcayettecz@ow.ly,Female,27.8.193.42,GAF,LER,25/05/2022,29/07/2023
469,Torre,Talman,ttalmand0@netvibes.com,Male,220.206.70.251,PIO,OVE,15/06/2022,30/04/2023
470,Jessy,Jerrams,jjerramsd1@comsenz.com,Female,127.154.47.218,SZA,MYM,14/06/2021,13/12/2023
471,Vera,Novotna,vnovotnad2@timesonline.co.uk,Genderfluid,57.240.127.73,YVB,ZLT,16/05/2021,22/05/2023
472,Windham,Freddi,wfreddid3@toplist.cz,Male,213.147.14.18,PHY,GUD,30/10/2022,24/01/2024
473,Calhoun,Morfey,cmorfeyd4@washington.edu,Bigender,27.193.56.56,KLI,AID,14/03/2023,07/05/2023
474,Foster,Rolston,frolstond5@sitemeter.com,Male,146.216.119.151,AWD,RRE,25/03/2021,27/02/2024
475,Johna,Poyntz,jpoyntzd6@tumblr.com,Female,106.22.22.204,LTF,UAQ,26/06/2021,11/09/2023
476,Otes,McGlynn,omcglynnd7@auda.org.au,Male,58.173.201.96,CSY,MEP,31/10/2021,08/10/2023
477,Meade,Bodycote,mbodycoted8@godaddy.com,Genderfluid,124.50.90.36,MRX,KAY,22/12/2022,25/11/2023
478,Joey,Marini,jmarinid9@quantcast.com,Male,113.210.89.172,ROI,CGI,30/04/2021,23/07/2023
479,Zilvia,Mussington,zmussingtonda@digg.com,Female,166.109.2.140,PED,DTL,19/10/2021,14/05/2023
480,Gabbie,Losemann,glosemanndb@cyberchimps.com,Female,11.79.13.4,BFN,HPV,09/12/2021,28/02/2024
481,Kenna,Balharrie,kbalharriedc@vk.com,Female,146.211.64.207,PIS,WCR,21/03/2023,15/08/2023
482,Fitzgerald,Hollyland,fhollylanddd@tmall.com,Male,23.121.66.166,NKU,SOT,07/02/2022,28/08/2023
483,Larry,Orritt,lorrittde@t.co,Male,23.91.110.162,YQA,REB,01/12/2022,27/03/2023
484,Rickard,Beddow,rbeddowdf@illinois.edu,Male,139.73.140.187,AOG,RDA,31/01/2023,16/08/2023
485,Germaine,Fawks,gfawksdg@artisteer.com,Female,255.193.158.77,KAW,BGN,15/06/2022,10/05/2023
486,Symon,Chaffyn,schaffyndh@yolasite.com,Male,169.12.140.195,MWB,MHX,30/09/2022,08/08/2023
487,Claudius,Ovendale,covendaledi@google.cn,Male,119.144.4.118,TAO,ILR,28/01/2023,04/11/2023
488,Blythe,Yeomans,byeomansdj@shop-pro.jp,Bigender,241.72.10.111,DWN,HSC,04/01/2023,22/03/2024
489,Ceciley,Lockie,clockiedk@google.co.uk,Female,235.173.110.249,TCJ,STS,27/09/2022,05/01/2024
490,Davon,Claxton,dclaxtondl@ustream.tv,Bigender,232.54.71.49,SPG,PTT,15/06/2021,06/11/2023
491,Alejandrina,Vitall,avitalldm@mysql.com,Female,42.112.216.113,FFM,AEP,04/05/2022,23/07/2023
492,Nefen,Yates,nyatesdn@psu.edu,Male,196.30.102.85,AVV,IOS,05/01/2022,11/01/2024
493,Carie,Petteford,cpetteforddo@apple.com,Female,18.133.71.241,SHO,RNT,07/11/2022,29/02/2024
494,Melvyn,Hunton,mhuntondp@mail.ru,Male,58.46.98.60,PUG,PHD,18/11/2021,04/07/2023
495,Chester,Dearan,cdearandq@techcrunch.com,Male,143.32.80.197,YKX,TND,07/12/2021,17/09/2023
496,Lind,Troyes,ltroyesdr@xrea.com,Male,36.93.120.221,KRR,BAD,17/04/2022,22/03/2023
497,Lauren,Bellchamber,lbellchamberds@reddit.com,Male,118.13.9.87,KIF,PVK,27/01/2023,02/08/2023
498,Abbie,Mogey,amogeydt@live.com,Male,33.85.222.34,EMD,ISG,01/06/2021,01/01/2024
499,Lea,Gilluley,lgilluleydu@com.com,Female,10.119.45.24,ORV,OMK,07/06/2022,20/02/2024
500,Paulie,Robertsen,probertsendv@last.fm,Female,101.190.109.113,CIK,KLJ,19/12/2021,08/07/2023
501,Clayton,Whillock,cwhillockdw@jigsy.com,Male,215.85.181.91,BJK,NHV,06/04/2022,10/06/2023
502,Pincas,MacNeachtain,pmacneachtaindx@scribd.com,Male,153.186.254.171,PNH,RMD,03/09/2021,25/10/2023
503,Larine,Fortoun,lfortoundy@cocolog-nifty.com,Agender,10.206.43.60,GAD,GSQ,07/05/2022,08/08/2023
504,Garrard,Densun,gdensundz@rambler.ru,Male,163.6.196.93,TZM,ADO,16/12/2022,26/11/2023
505,Pacorro,Schrei,pschreie0@bizjournals.com,Male,139.224.47.68,TLR,CAJ,17/09/2021,25/07/2023
506,Danny,Roskelley,droskelleye1@dyndns.org,Male,247.51.0.195,GNI,RNO,31/10/2021,27/11/2023
507,Boonie,Vlahos,bvlahose2@pen.io,Male,93.216.152.195,DVT,PCJ,23/01/2022,16/02/2024
508,Vaughn,Antoniutti,vantoniuttie3@ted.com,Male,41.205.111.189,BPN,TRR,30/04/2021,07/08/2023
509,Camile,Sailes,csailese4@so-net.ne.jp,Female,201.44.183.199,PCH,KGG,09/03/2023,13/06/2023
510,Magdalene,Tommaseo,mtommaseoe5@mediafire.com,Female,29.95.240.187,POU,URN,27/08/2022,23/01/2024
511,Lorettalorna,Djuricic,ldjuricice6@mashable.com,Female,223.133.186.164,KPO,PKC,12/10/2021,18/01/2024
512,Addison,Thiem,athieme7@wordpress.com,Male,18.195.72.229,BUW,EYR,06/09/2022,17/05/2023
513,Rhys,Purse,rpursee8@hao123.com,Male,111.3.10.29,FDY,TLA,08/11/2022,07/02/2024
514,Chris,Tompion,ctompione9@miitbeian.gov.cn,Male,31.212.179.151,BTM,KLK,23/05/2021,15/11/2023
515,Ellene,Cowper,ecowperea@samsung.com,Agender,30.219.68.227,AYQ,MQN,04/02/2022,29/11/2023
516,Kissie,Kilbourne,kkilbourneeb@earthlink.net,Genderqueer,128.222.99.40,DWH,BTC,12/05/2022,14/09/2023
517,Gun,Romayn,gromaynec@goo.gl,Male,212.249.31.3,IDH,IXL,10/04/2022,26/02/2024
518,Trix,Bacop,tbacoped@phoca.cz,Female,118.250.109.99,RDA,WTA,23/09/2022,16/02/2024
519,Gonzalo,Brame,gbrameee@disqus.com,Male,165.128.90.83,TYT,BTH,26/11/2021,23/01/2024
520,Keslie,Sharman,ksharmanef@europa.eu,Female,5.44.162.193,KMS,FAJ,06/10/2022,12/01/2024
521,Dietrich,Duggleby,ddugglebyeg@opera.com,Genderfluid,185.235.220.221,MNN,GUU,31/01/2022,29/06/2023
522,Gill,Swainston,gswainstoneh@yolasite.com,Male,95.53.79.220,XAR,ZLR,30/05/2021,14/07/2023
523,Morse,McKeran,mmckeranei@moonfruit.com,Male,22.97.220.104,PHH,RNU,31/05/2021,26/03/2023
524,Samara,Midden,smiddenej@squidoo.com,Female,29.48.97.207,TKU,MNZ,30/09/2022,25/03/2023
525,Whitney,Le - Count,wlecountek@php.net,Male,119.65.13.133,KES,KHN,20/03/2023,13/01/2024
526,Pooh,Dagg,pdaggel@hatena.ne.jp,Male,181.84.141.222,TEK,VAF,23/06/2022,06/09/2023
527,Coriss,Beange,cbeangeem@pagesperso-orange.fr,Female,10.119.86.78,USA,JXA,08/08/2021,02/05/2023
528,Tana,Gresty,tgrestyen@apple.com,Female,125.219.175.38,YYR,AIN,07/03/2023,15/07/2023
529,Goober,Backhouse,gbackhouseeo@eepurl.com,Male,96.33.186.252,CLM,DNF,25/09/2021,13/10/2023
530,Patrizio,Challicombe,pchallicombeep@storify.com,Male,27.113.91.248,XMC,PHQ,24/07/2022,03/12/2023
531,Clay,Eyden,ceydeneq@house.gov,Male,216.210.208.156,ATJ,XYE,07/11/2022,30/04/2023
532,Fredia,Lode,flodeer@cargocollective.com,Female,74.73.4.146,KGC,CCV,17/11/2021,08/01/2024
533,Linnie,Braunstein,lbraunsteines@mediafire.com,Female,206.201.45.173,BMH,PES,04/10/2021,04/09/2023
534,Pauli,Fortman,pfortmanet@paypal.com,Female,74.135.7.68,TWA,PES,06/08/2022,04/12/2023
535,Kirstyn,Burgh,kburgheu@hao123.com,Female,142.251.112.114,PCU,AQA,13/03/2023,03/03/2024
536,Hayyim,Laffling,hlafflingev@zimbio.com,Male,181.72.49.49,HKB,AIN,21/09/2021,06/01/2024
537,Karalee,Thow,kthowew@hibu.com,Female,206.209.47.83,EQS,SBG,29/06/2021,11/01/2024
538,Corabelle,Grosier,cgrosierex@altervista.org,Female,154.223.80.198,PMC,WOL,11/02/2023,14/06/2023
539,Victoria,O'Canavan,vocanavaney@hao123.com,Female,167.95.241.96,FAK,TIX,31/03/2021,07/03/2024
540,Scarlett,Boord,sboordez@cargocollective.com,Female,203.248.33.195,WGT,BWT,19/07/2022,13/06/2023
541,Barris,Adel,badelf0@washington.edu,Male,159.235.13.205,SFQ,MGF,22/03/2023,16/04/2023
542,Brewster,Kruger,bkrugerf1@omniture.com,Male,199.177.235.102,KWY,NUS,12/06/2021,10/12/2023
543,Rudyard,Trousdell,rtrousdellf2@behance.net,Male,19.197.64.154,RHE,CMN,04/05/2021,07/01/2024
544,Abbie,Beaton,abeatonf3@reverbnation.com,Bigender,164.25.8.74,LGW,MPU,21/08/2022,25/07/2023
545,Vivia,Jobern,vjobernf4@jalbum.net,Female,83.239.71.161,MSY,SVP,17/02/2022,17/04/2023
546,Melita,Johanning,mjohanningf5@friendfeed.com,Bigender,104.115.177.145,FAR,HNB,03/08/2022,14/05/2023
547,Delaney,Soulsby,dsoulsbyf6@nbcnews.com,Male,23.224.68.153,TIZ,LFM,01/02/2023,26/10/2023
548,Parsifal,Bloore,pblooref7@independent.co.uk,Male,168.213.118.3,WLO,WEP,16/02/2022,29/01/2024
549,Barb,Broek,bbroekf8@networksolutions.com,Female,227.215.224.219,PTY,BTF,24/07/2022,02/11/2023
550,Xavier,Polglase,xpolglasef9@tmall.com,Male,81.85.199.82,TCL,SBJ,16/01/2023,04/09/2023
551,Ronda,Barbery,rbarberyfa@opensource.org,Female,95.109.245.168,KZS,ATW,17/05/2022,10/08/2023
552,Fraze,Gronav,fgronavfb@miibeian.gov.cn,Male,11.83.97.127,PDD,UTR,13/11/2022,14/05/2023
553,Donavon,Caudell,dcaudellfc@loc.gov,Male,214.195.69.104,MGY,0,17/11/2022,17/02/2024
554,Sutherland,Walling,swallingfd@house.gov,Agender,128.181.35.170,YEY,XDA,06/10/2021,02/11/2023
555,Haywood,McDool,hmcdoolfe@artisteer.com,Male,43.144.105.122,ZQZ,UZM,21/02/2023,22/03/2024
556,Lukas,Kinsley,lkinsleyff@cbsnews.com,Male,21.143.89.47,PWE,QLA,25/10/2021,07/08/2023
557,Kiersten,Hugnet,khugnetfg@cbc.ca,Female,156.205.160.206,ATO,WRO,19/03/2022,03/06/2023
558,Ennis,Rantoull,erantoullfh@hhs.gov,Male,242.148.188.28,AWN,XLO,24/11/2022,12/05/2023
559,Querida,Wilber,qwilberfi@163.com,Female,189.156.222.16,OEL,TKY,20/11/2021,16/02/2024
560,Helen,Beausang,hbeausangfj@phoca.cz,Female,162.206.234.165,YPN,BDV,29/11/2022,14/07/2023
561,Minne,McEttigen,mmcettigenfk@live.com,Female,3.54.45.169,YGJ,TEQ,24/09/2022,03/05/2023
562,Harlin,Stener,hstenerfl@topsy.com,Male,65.241.147.237,NAS,ATF,08/09/2021,25/02/2024
563,Smitty,Hollingby,shollingbyfm@go.com,Bigender,54.114.79.49,THT,DUD,05/05/2021,03/06/2023
564,Alvera,Sherringham,asherringhamfn@smugmug.com,Female,199.180.224.2,CMN,MQP,15/06/2022,28/11/2023
565,Osbert,Kowalik,okowalikfo@mapy.cz,Male,120.234.72.185,DJB,OZR,30/03/2021,25/02/2024
566,Kort,Checkley,kcheckleyfp@imgur.com,Male,140.91.146.185,HSH,HYD,26/08/2021,03/01/2024
567,Blakeley,Fessions,bfessionsfq@intel.com,Female,125.197.223.72,KSP,OCH,17/08/2021,20/01/2024
568,Casey,Sodor,csodorfr@accuweather.com,Female,82.98.103.136,PAU,NGI,29/10/2022,29/01/2024
569,Tedman,Poyzer,tpoyzerfs@google.it,Male,75.5.150.199,EDB,TKC,01/08/2022,08/09/2023
570,Cornelius,Tunder,ctunderft@surveymonkey.com,Male,220.117.248.207,TPJ,ZZO,28/10/2021,09/09/2023
571,Vita,Fidell,vfidellfu@tuttocitta.it,Female,127.187.62.10,UUA,IMO,22/03/2022,21/02/2024
572,Colette,Copp,ccoppfv@studiopress.com,Female,206.14.252.231,MGV,XBE,29/09/2021,05/09/2023
573,Emalia,Pretley,epretleyfw@pen.io,Non-binary,186.1.212.63,BEE,API,26/08/2022,17/04/2023
574,Dyanne,Copo,dcopofx@who.int,Female,25.20.36.213,ILF,YQD,22/01/2023,31/08/2023
575,Porty,Insoll,pinsollfy@weibo.com,Polygender,12.175.211.143,SZS,YPD,13/05/2021,15/07/2023
576,Izak,Shallcross,ishallcrossfz@g.co,Male,219.204.172.100,TEF,AQJ,25/07/2022,13/12/2023
577,Francesca,Beach,fbeachg0@xing.com,Female,6.193.220.65,MBG,MLQ,20/03/2023,04/05/2023
578,Claudell,Bennellick,cbennellickg1@marketwatch.com,Male,153.85.137.81,TXU,HUS,15/07/2022,16/01/2024
579,Danette,McMenemy,dmcmenemyg2@paypal.com,Genderfluid,214.100.6.144,MKY,LOS,14/12/2022,19/01/2024
580,Jephthah,Abrahmovici,jabrahmovicig3@bloglovin.com,Male,92.151.144.111,EVW,PHH,30/04/2022,15/09/2023
581,Dita,Harrold,dharroldg4@sakura.ne.jp,Female,32.73.176.89,NVY,AAA,01/11/2021,14/10/2023
582,Lanni,Pyzer,lpyzerg5@sfgate.com,Female,169.43.226.150,RIS,VNR,01/08/2021,11/03/2024
583,Lily,Sillito,lsillitog6@fda.gov,Female,6.137.84.51,RVV,ZGR,13/08/2021,23/10/2023
584,Kathye,Emmens,kemmensg7@zimbio.com,Female,18.124.251.24,SLH,OHB,21/01/2023,13/11/2023
585,Nancey,Lanktree,nlanktreeg8@dropbox.com,Non-binary,237.189.232.211,PFC,LDE,19/03/2023,30/10/2023
586,Curtis,Broad,cbroadg9@bigcartel.com,Male,100.54.167.198,BCW,GVE,27/04/2021,27/11/2023
587,Minne,Pennycuick,mpennycuickga@bing.com,Female,249.112.202.156,KGI,WRE,19/12/2021,11/02/2024
588,Hakeem,Imesson,himessongb@usnews.com,Male,204.156.152.43,RBP,LLI,13/03/2023,28/02/2024
589,Gerda,Blamphin,gblamphingc@fc2.com,Female,169.200.178.72,IDF,MZI,25/04/2022,13/12/2023
590,Denys,Hourahan,dhourahangd@hhs.gov,Genderfluid,112.107.63.162,SIO,DRG,26/02/2023,09/06/2023
591,Gabbie,Dugmore,gdugmorege@nifty.com,Male,89.157.84.248,SBL,OTP,15/05/2021,22/02/2024
592,Clemmie,Cowpland,ccowplandgf@51.la,Male,88.17.139.226,KEF,YHI,19/07/2021,04/10/2023
593,Ramsay,Spragg,rspragggg@bigcartel.com,Agender,59.153.181.247,GUC,SYP,04/05/2022,16/01/2024
594,Patric,Slatcher,pslatchergh@examiner.com,Male,210.18.85.119,TTG,LOA,16/03/2023,16/10/2023
595,Belle,Jickells,bjickellsgi@howstuffworks.com,Female,231.192.157.173,GYS,HAU,09/04/2022,31/08/2023
596,Deena,Jallin,djallingj@boston.com,Female,57.88.220.255,RRK,PKV,19/04/2022,17/07/2023
597,Eldon,Harbinson,eharbinsongk@businesswire.com,Male,33.58.43.119,BJT,FWH,03/05/2022,16/06/2023
598,Tracy,Kenningham,tkenninghamgl@ovh.net,Non-binary,92.75.157.215,SID,RAI,22/10/2021,06/04/2023
599,Leanor,Trenouth,ltrenouthgm@paypal.com,Female,12.81.149.118,YYC,PGF,29/05/2022,23/08/2023
600,Kaela,Enders,kendersgn@edublogs.org,Genderfluid,106.248.192.153,SPA,NNB,26/03/2022,04/07/2023
601,Gratiana,O' Gara,gogarago@ustream.tv,Female,14.174.241.156,LUK,PBC,22/12/2021,02/03/2024
602,Ora,Farrington,ofarringtongp@java.com,Female,154.240.172.88,RKS,CPI,31/10/2022,29/06/2023
603,Reta,Rosterne,rrosternegq@blogger.com,Female,35.140.183.212,HOI,0,09/02/2022,12/09/2023
604,Isaak,Hogbourne,ihogbournegr@yelp.com,Male,189.55.33.163,OFJ,LVO,09/01/2023,01/04/2023
605,Leland,Chad,lchadgs@people.com.cn,Male,248.192.210.64,UPN,YKM,25/07/2021,20/04/2023
606,Blythe,Kryzhov,bkryzhovgt@tinypic.com,Female,51.254.146.34,CSA,NOP,16/05/2021,26/02/2024
607,Donnell,Rix,drixgu@a8.net,Male,188.228.209.74,FRY,ACH,05/06/2021,01/04/2023
608,Iorgos,Ashall,iashallgv@google.cn,Male,101.239.70.3,MOH,PAO,22/04/2022,11/12/2023
609,Benetta,Faulkner,bfaulknergw@gizmodo.com,Female,31.99.139.68,COA,AXJ,08/12/2022,14/11/2023
610,Algernon,Craster,acrastergx@wsj.com,Male,178.207.250.17,HOE,DTI,23/02/2022,04/09/2023
611,Field,Francom,ffrancomgy@sphinn.com,Male,214.92.190.99,THE,SNQ,16/09/2021,03/02/2024
612,Ellis,Stout,estoutgz@yelp.com,Male,178.241.4.87,AVI,ATA,22/02/2022,22/09/2023
613,Horacio,McFadin,hmcfadinh0@cbsnews.com,Male,124.25.77.82,GRS,FRO,08/10/2021,17/05/2023
614,Sebastian,MacKonochie,smackonochieh1@tumblr.com,Male,217.69.86.202,YXS,BAY,30/06/2022,04/03/2024
615,Neville,Selly,nsellyh2@icq.com,Male,200.225.222.82,TBG,BDN,22/04/2021,02/02/2024
616,Tish,Furlonge,tfurlongeh3@altervista.org,Female,78.159.144.239,KEL,CGO,16/04/2022,04/03/2024
617,Peyton,Crass,pcrassh4@weebly.com,Male,26.5.87.248,CEI,AHD,03/11/2022,16/08/2023
618,Ferne,Whatmough,fwhatmoughh5@bloglines.com,Female,206.138.92.51,GMZ,AAF,02/07/2022,19/01/2024
619,Laraine,Gomar,lgomarh6@netvibes.com,Female,65.156.2.122,EEK,ALA,28/05/2022,20/05/2023
620,Jody,Leneham,jlenehamh7@mit.edu,Male,195.206.8.174,ALC,GYS,03/09/2021,16/06/2023
621,Ailina,Lamy,alamyh8@weebly.com,Non-binary,39.56.212.54,RIY,YWS,25/07/2021,04/11/2023
622,Alisun,Molen,amolenh9@1688.com,Non-binary,88.131.43.254,MBB,ELU,16/06/2021,26/08/2023
623,Ariella,Crampsey,acrampseyha@163.com,Female,243.1.11.37,LXA,YEO,25/11/2021,24/06/2023
624,Lorne,Yitzovitz,lyitzovitzhb@time.com,Female,18.51.140.40,BMT,CTN,11/11/2022,07/07/2023
625,Ronnie,Stower,rstowerhc@wunderground.com,Male,181.210.5.27,KIT,DAM,28/07/2021,28/10/2023
626,Ciel,Caff,ccaffhd@europa.eu,Female,109.173.191.116,HPB,KUK,26/01/2022,05/08/2023
627,Bartholemy,Persian,bpersianhe@slashdot.org,Male,89.128.195.62,COY,HOP,02/06/2022,04/07/2023
628,Dorise,Perren,dperrenhf@time.com,Female,120.221.206.164,TNC,GRJ,30/05/2022,30/08/2023
629,Lotti,Demkowicz,ldemkowiczhg@hao123.com,Female,93.68.122.212,KMC,BXB,08/02/2022,25/04/2023
630,Sauveur,Lacy,slacyhh@oakley.com,Male,95.251.229.95,RMD,IQM,28/07/2021,02/04/2023
631,Em,De Blasiis,edeblasiishi@google.es,Bigender,18.207.145.87,MGR,RRT,27/07/2021,01/01/2024
632,Clayborne,O'Ruane,coruanehj@addthis.com,Male,36.211.25.12,EAM,LTF,03/11/2021,09/03/2024
633,Edna,McComas,emccomashk@chron.com,Female,166.53.181.252,NLL,ENS,03/10/2021,23/11/2023
634,Boyce,Munnis,bmunnishl@amazonaws.com,Male,121.128.129.182,IOK,BFK,02/10/2021,07/09/2023
635,Marena,Vallentin,mvallentinhm@oaic.gov.au,Female,117.53.169.215,RES,QLS,20/07/2022,05/09/2023
636,Marita,Markussen,mmarkussenhn@go.com,Female,9.57.39.37,KLD,SLU,10/02/2023,05/07/2023
637,Kelli,Warden,kwardenho@printfriendly.com,Female,101.64.248.41,VLR,BVP,27/12/2021,04/08/2023
638,Eduard,Webburn,ewebburnhp@oaic.gov.au,Male,139.254.89.115,IXZ,KDU,04/01/2022,18/08/2023
639,Erskine,Gurry,egurryhq@opera.com,Male,112.41.121.17,XMD,RYB,04/04/2021,02/11/2023
640,Mariele,Clemitt,mclemitthr@oracle.com,Female,231.110.103.244,APF,ZAJ,18/10/2022,07/11/2023
641,Amos,Darlington,adarlingtonhs@mayoclinic.com,Male,236.167.129.33,EWI,AVB,22/02/2022,07/10/2023
642,Rudolph,Konerding,rkonerdinght@edublogs.org,Male,84.88.205.41,SAD,OVS,29/07/2022,08/03/2024
643,Mitchell,Merrikin,mmerrikinhu@flavors.me,Male,22.90.64.100,PUY,MFR,07/06/2022,21/10/2023
644,Tris,Filipyev,tfilipyevhv@g.co,Male,200.242.206.64,TTT,YKJ,13/08/2022,05/02/2024
645,Griz,Gludor,ggludorhw@buzzfeed.com,Male,148.252.158.76,LMQ,0,02/08/2022,15/09/2023
646,Delora,Randal,drandalhx@reverbnation.com,Female,235.89.130.131,DSI,DMN,24/12/2022,17/09/2023
647,Page,Kinsey,pkinseyhy@fotki.com,Male,1.34.193.111,EML,MKK,12/10/2022,31/12/2023
648,Veronike,O'Kane,vokanehz@independent.co.uk,Agender,46.41.44.49,KST,TMO,04/11/2022,02/07/2023
649,Juliette,Hallock,jhallocki0@goodreads.com,Female,22.196.208.194,GLZ,VDH,18/11/2021,15/02/2024
650,Corette,Gilvary,cgilvaryi1@wordpress.com,Female,25.117.32.197,POF,WSD,04/10/2021,15/12/2023
651,Garnette,Fruen,gfrueni2@mlb.com,Female,224.200.133.5,MBJ,HEG,30/03/2022,31/10/2023
652,Augustus,Rosenshine,arosenshinei3@ftc.gov,Male,155.166.70.52,ELQ,BBC,11/06/2021,29/02/2024
653,Lorrie,Leupold,lleupoldi4@pcworld.com,Agender,173.70.197.26,ERC,RGN,01/04/2022,23/08/2023
654,Idette,Casewell,icasewelli5@guardian.co.uk,Female,200.22.212.97,TGP,SOO,03/12/2022,29/08/2023
655,Kristian,Kembley,kkembleyi6@marketwatch.com,Male,85.215.214.211,XIJ,NYT,09/03/2023,03/09/2023
656,Averill,Walch,awalchi7@sitemeter.com,Male,192.178.190.60,LGD,KGR,25/10/2022,02/11/2023
657,Isidora,Cutajar,icutajari8@vkontakte.ru,Female,10.207.43.152,GNI,PPH,13/04/2022,26/11/2023
658,Alfreda,Russam,arussami9@gnu.org,Female,190.119.149.23,XSI,MKW,13/08/2021,06/12/2023
659,Brandy,Locock,blocockia@cpanel.net,Non-binary,19.104.49.11,BWA,BAQ,22/04/2022,22/08/2023
660,Gwyneth,Stormont,gstormontib@telegraph.co.uk,Genderqueer,159.151.31.62,STD,RWI,08/12/2021,16/01/2024
661,Michaella,Tremoulet,mtremouletic@nymag.com,Female,32.37.98.101,CKZ,ORF,29/06/2021,06/11/2023
662,Emlyn,Spraggs,espraggsid@youtu.be,Male,97.27.146.50,CZC,ILO,06/10/2022,07/06/2023
663,Ardelis,Brinsden,abrinsdenie@facebook.com,Female,251.83.150.39,UMR,ANO,01/11/2021,21/02/2024
664,Malena,Ahearne,mahearneif@ow.ly,Female,70.109.120.44,KKO,AEL,22/06/2021,16/01/2024
665,Adriaens,Heilds,aheildsig@g.co,Female,153.183.226.147,WAO,SOC,25/04/2022,28/12/2023
666,Arnaldo,Bizley,abizleyih@shop-pro.jp,Male,155.232.85.3,AVG,GFN,28/05/2021,15/06/2023
667,Pacorro,Shasnan,pshasnanii@dyndns.org,Male,72.95.236.205,SWY,KNP,05/07/2022,25/11/2023
668,Jesse,Bozward,jbozwardij@bbc.co.uk,Female,11.222.174.203,JUB,MZO,13/10/2022,13/06/2023
669,Carly,Furze,cfurzeik@ovh.net,Male,204.231.73.86,GRF,VGO,07/09/2022,13/12/2023
670,Theo,Naisby,tnaisbyil@amazon.co.uk,Male,196.133.225.109,VTM,BYJ,12/03/2022,15/06/2023
671,Ryon,Fricke,rfrickeim@virginia.edu,Male,216.0.48.227,FOG,TPF,15/10/2022,01/02/2024
672,Franchot,Chalmers,fchalmersin@admin.ch,Male,185.120.197.195,LSK,MXB,12/09/2021,17/07/2023
673,Brooks,Bodega,bbodegaio@stumbleupon.com,Male,147.146.134.193,YGZ,YAV,04/02/2022,30/09/2023
674,Dayna,Coupe,dcoupeip@networkadvertising.org,Non-binary,24.180.213.146,MDR,WLD,10/03/2023,10/02/2024
675,Arvin,Tremouille,atremouilleiq@twitpic.com,Male,152.197.176.187,WKR,KKD,31/08/2022,06/09/2023
676,Jacinta,Spindler,jspindlerir@miitbeian.gov.cn,Female,169.93.92.235,FFA,SQM,04/07/2022,25/10/2023
677,Rois,Highman,rhighmanis@ebay.com,Female,124.179.58.32,TFY,ZLX,16/11/2021,28/04/2023
678,Blanch,Ferrara,bferrarait@yelp.com,Female,183.66.184.206,GJA,KHM,04/05/2021,22/05/2023
679,Leeland,Sheriff,lsheriffiu@delicious.com,Male,40.19.254.247,GTR,CNM,15/10/2022,26/09/2023
680,Bonita,Kroger,bkrogeriv@webeden.co.uk,Female,128.152.177.126,AYY,YFG,16/01/2022,17/10/2023
681,Megan,Latore,mlatoreiw@prnewswire.com,Non-binary,78.5.254.108,NEN,BHB,12/02/2022,25/03/2023
682,Guntar,Broomer,gbroomerix@ehow.com,Male,176.9.81.38,NAU,UET,25/02/2023,08/10/2023
683,Dolly,Putnam,dputnamiy@tumblr.com,Female,11.101.195.222,PSL,BAS,01/05/2021,22/04/2023
684,Dolly,Demead,ddemeadiz@instagram.com,Female,251.167.106.101,CFG,LIM,12/09/2022,08/11/2023
685,Allis,Groneway,agronewayj0@mashable.com,Female,127.215.111.101,PSU,REL,09/09/2021,16/12/2023
686,Julianna,Olphert,jolphertj1@ed.gov,Female,189.211.40.114,YAZ,FKL,13/10/2022,20/12/2023
687,Gustav,Ivashnikov,givashnikovj2@census.gov,Male,56.51.34.15,YPC,YLB,03/06/2022,08/02/2024
688,Alastair,Gouldie,agouldiej3@nih.gov,Male,245.21.12.144,OCS,0,02/02/2022,30/03/2023
689,Garreth,Hegg,gheggj4@amazonaws.com,Male,68.211.211.223,GLA,BQJ,12/02/2023,03/10/2023
690,Desirae,Schruyer,dschruyerj5@reddit.com,Female,93.125.232.197,WSX,REC,09/04/2021,28/10/2023
691,Jessee,Vynall,jvynallj6@mit.edu,Male,39.215.160.233,OFI,GMR,21/10/2022,24/03/2023
692,Hulda,Blondelle,hblondellej7@sphinn.com,Female,94.81.98.244,OEO,WIK,18/10/2021,04/07/2023
693,Duky,Forde,dfordej8@cisco.com,Male,185.112.195.108,BLT,GNA,30/04/2022,24/01/2024
694,Gusta,Janowicz,gjanowiczj9@techcrunch.com,Female,253.37.96.29,CKW,SKA,25/02/2022,10/03/2024
695,Denni,Nelles,dnellesja@desdev.cn,Non-binary,44.84.110.70,BDI,XCR,22/02/2023,20/02/2024
696,Shannen,Overell,soverelljb@cbc.ca,Genderfluid,118.150.70.84,GVA,SXM,06/03/2022,31/03/2023
697,Nydia,Shower,nshowerjc@indiatimes.com,Female,91.83.60.134,MPI,IVW,15/11/2021,20/08/2023
698,Arne,Jessel,ajesseljd@a8.net,Agender,147.64.168.157,BVE,OKT,03/04/2022,21/12/2023
699,Roselle,Fike,rfikeje@usnews.com,Female,49.239.5.174,WAG,SLV,19/02/2022,16/12/2023
700,Diarmid,Whitmarsh,dwhitmarshjf@tamu.edu,Male,114.104.159.121,EBH,LST,28/12/2021,12/12/2023
701,Isabel,Bumford,ibumfordjg@instagram.com,Genderqueer,165.244.71.113,LPX,LZH,17/01/2023,04/05/2023
702,Dinnie,Dominelli,ddominellijh@addthis.com,Female,201.251.16.119,NKG,CYL,04/03/2022,06/11/2023
703,Torrence,Harrie,tharrieji@etsy.com,Male,54.72.123.186,BBL,ANV,13/10/2022,05/07/2023
704,Frederico,Jallin,fjallinjj@diigo.com,Male,38.61.137.130,DHD,DJG,25/10/2022,23/09/2023
705,Leonidas,Frankis,lfrankisjk@biblegateway.com,Male,143.179.181.160,LLV,CLG,14/08/2022,24/11/2023
706,Fayina,Guidera,fguiderajl@washington.edu,Female,8.177.76.162,NUQ,BEF,31/10/2022,28/08/2023
707,Raphael,Edgar,redgarjm@mozilla.org,Male,133.149.126.98,ASN,RAA,05/02/2022,27/01/2024
708,Murvyn,Kielty,mkieltyjn@who.int,Male,40.85.104.97,0,UCC,24/12/2021,16/08/2023
709,Umberto,O'Hegertie,uohegertiejo@reference.com,Male,114.28.84.124,MBW,DDU,20/02/2023,14/05/2023
710,Aaron,Heino,aheinojp@flickr.com,Male,182.185.244.126,NHT,JVL,25/11/2021,02/11/2023
711,Moreen,Rivalant,mrivalantjq@chicagotribune.com,Bigender,82.57.40.196,SFU,EVX,17/04/2022,07/04/2023
712,Cammie,Roofe,croofejr@themeforest.net,Female,199.139.11.178,SKF,AGQ,27/02/2023,02/05/2023
713,Bobette,Blankau,bblankaujs@instagram.com,Agender,150.64.51.224,CBD,WPU,30/03/2021,31/01/2024
714,Merrilee,Matei,mmateijt@mozilla.org,Female,175.71.163.75,IQN,MBL,24/08/2021,26/10/2023
715,Krystal,Chieco,kchiecoju@acquirethisname.com,Female,73.94.12.9,NLC,SAY,07/05/2021,10/01/2024
716,Jenelle,Alvarado,jalvaradojv@xrea.com,Female,245.77.35.19,LDJ,EXI,21/06/2021,08/04/2023
717,Bard,Shakshaft,bshakshaftjw@sbwire.com,Male,248.235.170.157,HSK,QJD,14/06/2021,05/08/2023
718,Bartolomeo,Simkovich,bsimkovichjx@eventbrite.com,Male,203.88.130.51,BCZ,EIS,19/12/2021,10/01/2024
719,Willamina,Coonihan,wcoonihanjy@goo.gl,Female,94.237.50.244,TSU,YNY,10/07/2022,31/07/2023
720,Marsiella,Hould,mhouldjz@1und1.de,Female,165.7.202.53,FDY,OYL,28/12/2022,11/11/2023
721,Hamlin,Grammer,hgrammerk0@forbes.com,Male,107.130.111.7,MZR,EYP,19/11/2021,02/05/2023
722,Avivah,Creedland,acreedlandk1@wordpress.org,Female,139.2.153.30,RDV,SHO,16/12/2021,05/08/2023
723,Heidie,Castrillo,hcastrillok2@ning.com,Female,164.241.126.55,WOE,YRD,27/11/2022,14/03/2024
724,Jobi,Hoyes,jhoyesk3@china.com.cn,Female,146.152.238.104,MNA,TAJ,23/02/2023,10/06/2023
725,Rollins,King,rkingk4@mapquest.com,Male,103.74.106.106,ISN,KCI,20/07/2022,17/06/2023
726,Kendre,Raunds,kraundsk5@utexas.edu,Female,98.188.101.249,MUA,YAD,17/06/2021,07/04/2023
727,Erv,Wandrey,ewandreyk6@vkontakte.ru,Male,225.29.31.8,CZL,ULZ,14/06/2021,04/03/2024
728,Franky,Niblo,fniblok7@blogtalkradio.com,Female,147.233.40.93,0,BEE,07/02/2022,03/10/2023
729,Basil,Whorall,bwhorallk8@sun.com,Male,71.87.180.102,UCY,INO,20/08/2021,27/05/2023
730,Niki,Birdwhistell,nbirdwhistellk9@nasa.gov,Female,81.153.44.33,PAF,HTZ,14/11/2021,17/05/2023
731,Binnie,Milmoe,bmilmoeka@moonfruit.com,Female,169.116.180.43,PEY,AJJ,16/03/2023,10/11/2023
732,Isis,Joscelin,ijoscelinkb@4shared.com,Female,241.74.164.179,BYH,BTJ,19/11/2022,23/12/2023
733,Donny,Dienes,ddieneskc@statcounter.com,Male,73.30.195.74,LUZ,GDN,19/01/2022,26/09/2023
734,Annabel,Delia,adeliakd@fema.gov,Female,40.198.242.25,RMF,MOT,22/02/2022,09/11/2023
735,Daphne,Worsnup,dworsnupke@usda.gov,Female,209.121.97.89,PAN,TOL,19/08/2021,08/06/2023
736,Morey,Lakenden,mlakendenkf@dell.com,Male,49.133.129.215,HLU,BEB,16/07/2021,09/06/2023
737,Letisha,Florentine,lflorentinekg@ustream.tv,Female,62.81.197.146,ESP,USM,07/09/2022,25/02/2024
738,Garvy,Pellew,gpellewkh@google.ca,Male,166.253.18.103,KUF,CUL,24/12/2022,17/10/2023
739,Gilbertine,McDuffy,gmcduffyki@omniture.com,Bigender,169.214.46.203,DJN,ILQ,16/08/2021,17/07/2023
740,Duffy,Moden,dmodenkj@1688.com,Male,103.27.150.25,OOK,TUV,25/04/2021,11/10/2023
741,Scotti,Deners,sdenerskk@csmonitor.com,Male,169.170.247.37,MRM,HRC,11/02/2023,08/07/2023
742,Patrica,Giamitti,pgiamittikl@linkedin.com,Female,34.42.20.231,AER,LDI,19/06/2021,05/10/2023
743,Christiane,Cawthron,ccawthronkm@merriam-webster.com,Female,226.111.58.222,GHN,OZG,16/10/2022,29/05/2023
744,Dyana,Baszkiewicz,dbaszkiewiczkn@icq.com,Female,78.193.172.169,DVN,INC,05/09/2021,09/01/2024
745,Mame,Viger,mvigerko@fastcompany.com,Female,245.60.137.158,BYG,NIG,20/11/2022,18/09/2023
746,Sissie,Crosen,scrosenkp@ihg.com,Female,47.130.66.9,YXL,GLI,18/08/2021,04/04/2023
747,Batsheva,Silbert,bsilbertkq@wikispaces.com,Female,225.205.63.18,FLI,CVM,21/12/2022,29/01/2024
748,Bradan,Whitley,bwhitleykr@google.com.hk,Male,200.167.217.93,SBE,GRM,14/08/2022,03/08/2023
749,Gilli,Chester,gchesterks@infoseek.co.jp,Female,190.166.87.106,GYN,YLQ,13/02/2022,27/07/2023
750,Yetty,Shimon,yshimonkt@dagondesign.com,Female,168.58.3.33,LNC,KUC,10/03/2023,14/12/2023
751,Alla,Roizin,aroizinku@mayoclinic.com,Female,98.57.191.10,BHG,NTY,29/06/2021,05/06/2023
752,Oona,Atrill,oatrillkv@wunderground.com,Female,14.120.59.7,KKC,RYO,29/03/2022,05/10/2023
753,Aylmar,Blankman,ablankmankw@hexun.com,Male,172.165.45.95,YFC,SIV,12/04/2021,24/03/2023
754,Audrey,Koche,akochekx@archive.org,Female,182.254.201.18,YAL,RCB,04/09/2021,19/01/2024
755,Lorna,Empson,lempsonky@usa.gov,Female,99.220.123.144,BVR,SWW,14/09/2022,05/03/2024
756,Cornie,Spragge,cspraggekz@ebay.com,Male,128.65.33.214,ULZ,IWD,15/05/2022,20/06/2023
757,Adele,Belfrage,abelfragel0@google.es,Female,127.27.4.114,MQR,FKS,28/05/2022,05/02/2024
758,Vally,Sibbald,vsibbaldl1@e-recht24.de,Female,6.13.49.199,YXL,SGH,06/05/2021,14/08/2023
759,Devin,Bertie,dbertiel2@vimeo.com,Female,93.218.183.26,YIE,TRG,07/03/2023,22/10/2023
760,Rochester,Dellit,rdellitl3@hao123.com,Male,91.143.65.249,HEK,VGS,14/06/2022,11/01/2024
761,Ruthanne,Saxton,rsaxtonl4@auda.org.au,Female,73.46.250.48,SVO,ABQ,16/04/2021,06/01/2024
762,Dorine,Hacquard,dhacquardl5@nps.gov,Female,218.175.92.39,DLF,HIL,07/03/2022,15/09/2023
763,Christabel,Ledford,cledfordl6@cdc.gov,Female,102.88.42.180,JDZ,UBJ,14/09/2022,01/01/2024
764,Jessika,Akid,jakidl7@businessweek.com,Female,93.27.13.2,SLA,HOB,07/05/2022,31/01/2024
765,Dannie,Bennallck,dbennallckl8@prlog.org,Male,15.252.139.15,XGR,STQ,01/06/2022,19/01/2024
766,Selig,Janssens,sjanssensl9@pinterest.com,Male,138.101.92.123,OGS,RLO,10/02/2022,10/07/2023
767,Yettie,Dillicate,ydillicatela@columbia.edu,Female,61.211.255.49,NDJ,HZH,14/02/2022,28/09/2023
768,Dayle,Neeves,dneeveslb@altervista.org,Female,67.220.120.94,GSR,DRN,01/04/2021,25/09/2023
769,Simon,Brislan,sbrislanlc@prnewswire.com,Male,65.251.54.7,WMH,0,14/07/2022,17/09/2023
770,Chalmers,Simonutti,csimonuttild@sourceforge.net,Male,54.149.247.216,ZHP,PKF,01/08/2021,26/06/2023
771,Edlin,Drains,edrainsle@fotki.com,Male,209.140.204.152,HAM,MUN,30/11/2022,01/01/2024
772,Rosemary,Marrett,rmarrettlf@facebook.com,Female,191.147.34.229,CVH,KBE,16/07/2022,05/04/2023
773,Estelle,Chatfield,echatfieldlg@blogspot.com,Female,168.35.107.145,ZST,TMY,16/02/2023,10/09/2023
774,Carver,Danielsson,cdanielssonlh@ucsd.edu,Male,221.199.177.14,SKA,LLE,21/11/2022,18/05/2023
775,Fedora,Wickendon,fwickendonli@wunderground.com,Genderqueer,57.214.151.216,HZH,KRF,07/12/2021,21/10/2023
776,Osmund,Hamments,ohammentslj@unicef.org,Male,120.119.68.105,MXY,XIY,14/09/2021,18/03/2024
777,Kathe,Beazley,kbeazleylk@tripadvisor.com,Female,23.238.124.172,SMT,CNN,21/12/2022,19/10/2023
778,Quintina,Treffrey,qtreffreyll@naver.com,Female,253.178.139.181,GRT,REN,07/09/2021,21/11/2023
779,Silas,Koschek,skoscheklm@dion.ne.jp,Male,5.122.191.233,QHN,WTE,19/09/2022,12/11/2023
780,Marinna,Jerratsch,mjerratschln@sina.com.cn,Female,152.36.216.74,DCU,HSK,20/06/2022,05/02/2024
781,Eldredge,Beaglehole,ebeagleholelo@goo.gl,Male,189.173.136.32,MCT,RCM,26/09/2022,07/09/2023
782,Shelia,Alfwy,salfwylp@google.ru,Female,10.96.37.33,LGM,ZNZ,21/12/2022,08/03/2024
783,Edmon,McConnell,emcconnelllq@dion.ne.jp,Male,111.120.169.143,NGD,JUN,01/12/2021,17/02/2024
784,Noelani,Dougharty,ndoughartylr@google.co.uk,Female,37.198.220.226,YLS,VCH,29/12/2022,26/03/2023
785,Bertha,Bettley,bbettleyls@furl.net,Female,24.244.92.83,MDR,ZKB,27/10/2022,27/10/2023
786,Elbertine,Luney,eluneylt@illinois.edu,Female,247.124.48.55,TUM,HOI,11/01/2023,20/11/2023
787,Pamelina,Gallatly,pgallatlylu@people.com.cn,Female,183.32.138.147,CZH,TLC,21/04/2021,25/02/2024
788,Malcolm,Vedeniktov,mvedeniktovlv@howstuffworks.com,Male,65.163.21.31,AIC,FRR,28/02/2022,11/11/2023
789,Katusha,Litherland,klitherlandlw@behance.net,Female,222.105.147.202,CHP,TMD,20/01/2023,31/03/2023
790,Lainey,Laybourn,llaybournlx@alexa.com,Female,41.123.75.10,TRF,JMU,23/09/2021,15/01/2024
791,Gino,Baynon,gbaynonly@mtv.com,Male,77.155.167.81,ANY,IST,22/08/2021,09/01/2024
792,Oby,Fedder,ofedderlz@ameblo.jp,Genderfluid,231.184.249.174,SON,LIY,08/06/2022,03/01/2024
793,Rodrique,Pettigree,rpettigreem0@myspace.com,Male,13.126.185.233,XPT,MLG,28/11/2021,08/04/2023
794,Herschel,Guslon,hguslonm1@lulu.com,Male,47.123.180.95,BZZ,CUD,22/05/2021,25/10/2023
795,Erick,Thaim,ethaimm2@symantec.com,Male,246.181.1.113,UTE,BVF,15/05/2022,30/05/2023
796,Kenon,Pfeifer,kpfeiferm3@gizmodo.com,Male,236.137.190.60,ILY,LMO,12/06/2021,16/04/2023
797,Corbin,Aberhart,caberhartm4@merriam-webster.com,Male,228.16.254.148,SQS,VNY,03/03/2023,22/06/2023
798,Kelila,McTrustie,kmctrustiem5@cnet.com,Female,149.125.148.123,MDX,RYO,04/03/2022,02/08/2023
799,Blondelle,MacAllister,bmacallisterm6@a8.net,Agender,214.204.248.210,SWG,ECG,20/01/2022,08/03/2024
800,Kyle,Campagne,kcampagnem7@wordpress.org,Female,26.127.107.125,DUE,WAN,02/05/2022,27/05/2023
801,Merlina,Winfrey,mwinfreym8@sogou.com,Bigender,182.173.87.154,PTU,0,11/06/2022,20/09/2023
802,Edward,Bleasdale,ebleasdalem9@netscape.com,Male,3.115.75.102,YFE,AOC,14/06/2022,31/12/2023
803,Son,Buxsey,sbuxseyma@4shared.com,Male,138.178.108.245,BVZ,ABA,01/01/2022,27/05/2023
804,Bobina,Feedome,bfeedomemb@tripadvisor.com,Female,146.181.236.211,FBL,LRD,09/09/2021,18/11/2023
805,Tally,Dickey,tdickeymc@wordpress.org,Male,8.145.255.228,BXM,FIN,25/03/2021,01/01/2024
806,Kanya,Rotherham,krotherhammd@elegantthemes.com,Female,228.97.136.123,KPC,WWK,29/07/2022,04/08/2023
807,Dareen,Logsdail,dlogsdailme@ca.gov,Female,229.83.202.228,EXT,CTZ,11/02/2022,23/06/2023
808,Dare,Gaffney,dgaffneymf@zdnet.com,Male,126.162.182.179,KOZ,GBF,20/04/2022,21/11/2023
809,Emmy,Rollingson,erollingsonmg@tamu.edu,Agender,28.238.38.40,IXS,UIP,12/06/2022,17/12/2023
810,Ricardo,Feast,rfeastmh@alexa.com,Male,133.236.208.39,DMA,HOX,05/11/2021,17/06/2023
811,Loreen,Tower,ltowermi@yandex.ru,Female,11.213.112.169,BQD,GKA,08/08/2021,02/06/2023
812,Diarmid,Lunge,dlungemj@soup.io,Male,2.118.153.111,DOK,JUL,12/05/2021,28/03/2023
813,Alfi,Hanaford,ahanafordmk@independent.co.uk,Female,160.10.30.110,FRA,BMY,19/02/2023,23/12/2023
814,Dyane,Bidgod,dbidgodml@1und1.de,Female,57.118.83.7,XNG,RNI,10/05/2021,06/11/2023
815,Jana,Capron,jcapronmm@weibo.com,Female,145.29.89.71,FAT,SHO,25/06/2022,09/04/2023
816,Law,Janney,ljanneymn@prnewswire.com,Male,32.76.191.41,WNR,PUV,29/09/2021,28/01/2024
817,Chiquia,Orrom,corrommo@cnbc.com,Genderqueer,141.112.209.89,LKG,DSG,07/01/2023,22/11/2023
818,Justus,McPhilemy,jmcphilemymp@studiopress.com,Male,161.116.205.177,SEM,SUO,15/08/2021,17/04/2023
819,Kata,Hartmann,khartmannmq@lycos.com,Female,235.87.246.165,TQR,SJX,04/08/2022,16/03/2024
820,Randi,Ladbrook,rladbrookmr@bloglovin.com,Female,249.6.121.184,ZKB,OWK,21/09/2021,24/10/2023
821,Arlen,Newlin,anewlinms@upenn.edu,Male,46.252.143.45,TYS,GBL,25/01/2022,13/09/2023
822,Amalia,Bignall,abignallmt@berkeley.edu,Female,93.224.196.89,OKH,PTO,16/09/2022,23/07/2023
823,Carroll,Bartalini,cbartalinimu@kickstarter.com,Polygender,182.54.133.53,LYG,KHW,31/12/2022,09/01/2024
824,Anthe,Tythe,atythemv@sitemeter.com,Genderqueer,200.182.209.104,AEX,KGM,29/09/2021,05/06/2023
825,Padraig,Spataro,pspataromw@youtube.com,Male,16.229.3.242,GUV,EFG,05/05/2022,16/04/2023
826,Crysta,Clucas,cclucasmx@jalbum.net,Female,156.238.211.136,BLJ,MCR,29/04/2022,17/10/2023
827,Hildagard,Spanswick,hspanswickmy@hp.com,Female,104.47.1.229,GJL,ARF,04/09/2021,24/07/2023
828,Godfry,Madgwick,gmadgwickmz@europa.eu,Male,167.112.48.69,ABG,KBA,07/09/2022,09/09/2023
829,Laughton,Schimaschke,lschimaschken0@weibo.com,Male,108.104.235.9,XAU,MYS,11/08/2021,02/11/2023
830,Cecilla,Feathers,cfeathersn1@usa.gov,Female,137.130.214.90,THR,NIX,18/01/2023,18/09/2023
831,Luke,Baldassi,lbaldassin2@marketwatch.com,Male,252.189.65.159,STN,EWK,09/08/2022,05/03/2024
832,Allie,Maudson,amaudsonn3@earthlink.net,Genderfluid,185.129.181.133,ZPC,GHK,26/03/2022,14/03/2024
833,Stearne,Zucker,szuckern4@gov.uk,Male,30.40.165.55,YKK,RUY,14/09/2021,22/05/2023
834,Tate,Chaffen,tchaffenn5@cocolog-nifty.com,Male,28.95.169.171,MQM,MNS,03/01/2022,23/09/2023
835,Ashby,McNulty,amcnultyn6@auda.org.au,Male,113.97.56.142,YFL,ENO,17/12/2022,10/07/2023
836,Mathilde,Bicksteth,mbickstethn7@hexun.com,Polygender,97.182.248.45,VPE,ORP,16/11/2021,04/09/2023
837,Ana,Van den Velde,avandenvelden8@admin.ch,Female,92.254.218.57,IPG,CVQ,20/06/2021,19/05/2023
838,Gweneth,Ros,grosn9@edublogs.org,Female,119.32.101.205,FRQ,FKI,22/02/2022,18/12/2023
839,Fidela,Sonier,fsonierna@smh.com.au,Female,169.99.109.156,PAZ,MHN,17/08/2022,04/05/2023
840,Mable,Minucci,mminuccinb@craigslist.org,Female,36.27.247.152,HFT,ODC,17/06/2022,17/08/2023
841,Carce,Pasquale,cpasqualenc@slashdot.org,Male,207.236.72.75,SZP,YJS,17/08/2021,16/02/2024
842,Shanan,Kupec,skupecnd@ovh.net,Male,23.85.107.68,FAQ,EVE,01/01/2023,02/09/2023
843,Lorry,Lyburn,llyburnne@sphinn.com,Female,127.97.211.240,MLC,JNB,19/11/2021,28/01/2024
844,Pedro,Hannen,phannennf@wikipedia.org,Male,165.48.237.174,KBO,BNU,06/04/2022,05/06/2023
845,Aurel,Tomaino,atomainong@webs.com,Female,200.26.125.109,GRI,LBX,24/12/2021,05/05/2023
846,Nanon,MacLoughlin,nmacloughlinnh@dot.gov,Genderqueer,15.211.120.214,UIN,WED,15/09/2021,31/01/2024
847,Maurizio,Casotti,mcasottini@hibu.com,Male,170.82.243.104,FSK,SDS,07/09/2021,09/08/2023
848,Drud,Tooley,dtooleynj@gizmodo.com,Male,62.30.200.95,SOJ,LYR,22/10/2022,24/04/2023
849,Debi,How,dhownk@simplemachines.org,Female,224.231.125.28,ORL,CKA,30/11/2022,30/03/2023
850,Dru,Phinnis,dphinnisnl@google.it,Female,218.118.188.110,SPD,BYP,04/05/2021,24/12/2023
851,Olav,Dennes,odennesnm@engadget.com,Male,172.228.225.110,PXH,KTF,30/06/2021,01/05/2023
852,Isis,Linacre,ilinacrenn@utexas.edu,Female,96.121.217.223,HEK,KNK,23/03/2021,30/11/2023
853,Raynard,Lithgow,rlithgowno@reuters.com,Polygender,254.215.210.24,SGL,PUS,24/05/2022,09/07/2023
854,Elna,Sushams,esushamsnp@blogspot.com,Female,25.161.230.117,KEW,BAB,28/12/2022,03/06/2023
855,Lil,Keets,lkeetsnq@google.com.br,Female,230.50.121.179,MYV,NAY,05/06/2021,04/03/2024
856,Barr,McFie,bmcfienr@theatlantic.com,Male,125.248.75.92,BAS,HFF,04/05/2022,25/07/2023
857,Jorge,Feore,jfeorens@ebay.co.uk,Male,125.5.51.180,BTM,KAU,27/07/2021,26/06/2023
858,Stacy,Batthew,sbatthewnt@cdbaby.com,Male,78.174.193.158,PHE,OPI,18/09/2021,19/04/2023
859,Beulah,Dunlop,bdunlopnu@gravatar.com,Genderfluid,209.149.130.216,ATS,0,06/12/2022,09/01/2024
860,Bertie,Clancy,bclancynv@comsenz.com,Male,46.178.17.236,CSC,SLH,20/01/2022,22/02/2024
861,Lanna,Greiser,lgreisernw@studiopress.com,Female,81.7.31.84,EAU,PIC,16/05/2021,04/08/2023
862,York,McEntee,ymcenteenx@friendfeed.com,Agender,213.196.15.25,UJN,LMO,27/07/2022,20/05/2023
863,Terri,Metherell,tmetherellny@mac.com,Male,255.245.146.233,YMO,RBE,26/06/2022,18/07/2023
864,Rozina,Straine,rstrainenz@un.org,Female,214.88.11.151,HUT,VDP,08/01/2022,18/10/2023
865,Harlen,Wallbanks,hwallbankso0@e-recht24.de,Male,18.246.148.8,AYG,XBJ,24/01/2022,22/07/2023
866,Tansy,Ginnaly,tginnalyo1@usa.gov,Female,37.92.110.21,TRN,SVL,25/10/2022,21/02/2024
867,Gustavus,Finlay,gfinlayo2@theguardian.com,Male,17.95.196.71,KYL,EVH,03/05/2022,22/09/2023
868,Nevile,Perdue,nperdueo3@360.cn,Male,152.135.224.5,BNZ,WHD,25/06/2021,28/02/2024
869,Joete,Bake,jbakeo4@cnbc.com,Female,5.200.250.162,BHV,AMM,09/07/2022,06/08/2023
870,Lenora,Nutkins,lnutkinso5@amazon.co.uk,Female,236.71.89.49,LER,BUR,15/03/2023,29/12/2023
871,Carmelita,Mangan,cmangano6@4shared.com,Female,137.176.130.176,MXP,YWG,07/05/2022,26/06/2023
872,Dale,Diggens,ddiggenso7@mozilla.com,Male,28.231.159.164,YVR,PRU,11/05/2021,05/11/2023
873,Faina,Eagles,feagleso8@youtu.be,Female,66.65.44.173,VIR,WHL,18/05/2022,20/11/2023
874,Reinald,D'Antuoni,rdantuonio9@salon.com,Male,186.221.154.9,MKK,LEP,02/02/2022,03/05/2023
875,Webb,Grubbe,wgrubbeoa@statcounter.com,Male,230.210.58.192,YBP,BTA,14/03/2023,18/09/2023
876,Kip,Canacott,kcanacottob@cnn.com,Male,93.198.127.11,LBV,RRV,21/09/2021,03/07/2023
877,Flory,Haversum,fhaversumoc@senate.gov,Male,149.139.83.88,ALL,STQ,18/08/2022,12/01/2024
878,Rufus,Nucator,rnucatorod@artisteer.com,Male,30.68.44.184,CFO,AQA,22/12/2022,19/08/2023
879,Obadiah,Radoux,oradouxoe@arstechnica.com,Agender,19.77.213.167,SGP,JOK,10/05/2022,27/01/2024
880,Murdock,Plues,mpluesof@clickbank.net,Male,68.114.87.82,AXG,OEM,20/11/2022,23/01/2024
881,Harmonia,Karolovsky,hkarolovskyog@marketwatch.com,Female,174.47.134.127,CRJ,EGN,30/06/2022,19/05/2023
882,Jerri,Malloch,jmallochoh@dell.com,Male,92.224.134.33,LAF,WUS,08/04/2021,09/04/2023
883,Horton,De Ferrari,hdeferrarioi@wikipedia.org,Male,111.27.210.251,YUM,DJR,08/03/2023,24/06/2023
884,Luther,Etter,letteroj@rediff.com,Male,207.200.100.200,BFM,INK,30/11/2021,14/09/2023
885,Norrie,Pahlsson,npahlssonok@usatoday.com,Male,43.33.115.158,UEL,VIC,31/12/2022,20/02/2024
886,Steve,Stonham,sstonhamol@bing.com,Male,193.230.118.157,FRT,MPO,27/09/2021,21/11/2023
887,Arnoldo,Jamary,ajamaryom@trellian.com,Male,210.51.65.136,GHK,XDA,16/03/2023,05/08/2023
888,Trenton,Sergeaunt,tsergeaunton@shareasale.com,Male,117.237.182.239,MKN,VLI,04/05/2022,13/01/2024
889,Isis,Sooper,isooperoo@bluehost.com,Female,250.77.64.107,GBL,MYE,14/12/2022,06/06/2023
890,Herbert,Puve,hpuveop@ezinearticles.com,Male,21.184.194.29,YLE,SKA,27/02/2023,29/01/2024
891,Farlie,Strutz,fstrutzoq@who.int,Male,236.42.81.239,ORK,SLV,11/09/2022,08/12/2023
892,Granny,Myatt,gmyattor@example.com,Male,119.168.56.197,0,RTL,05/06/2022,02/11/2023
893,Malia,Tringham,mtringhamos@bravesites.com,Female,161.220.169.35,MPJ,TNX,13/10/2022,29/03/2023
894,Rania,Stilgoe,rstilgoeot@spiegel.de,Non-binary,48.68.54.167,ASJ,DAS,12/09/2022,20/04/2023
895,Valentin,Whordley,vwhordleyou@homestead.com,Male,239.119.200.190,ODO,YKN,26/07/2021,01/01/2024
896,Arabelle,Woodhouse,awoodhouseov@technorati.com,Female,253.216.117.19,OUH,IBO,10/07/2022,06/02/2024
897,Gertrude,Hubbart,ghubbartow@wikimedia.org,Female,8.52.156.23,CSB,CLG,12/11/2022,11/07/2023
898,Betteann,Boldock,bboldockox@t-online.de,Female,103.205.179.233,KOO,TTC,18/11/2022,14/09/2023
899,Dorene,Brant,dbrantoy@cdbaby.com,Female,207.210.199.185,KAF,TGT,29/09/2022,29/11/2023
900,Sherwin,Chadbourne,schadbourneoz@earthlink.net,Male,189.64.67.37,BJD,UVF,12/10/2022,21/10/2023
901,Oriana,Renac,orenacp0@patch.com,Female,114.46.15.138,LAX,DHT,06/08/2022,04/10/2023
902,Leoline,Gudger,lgudgerp1@php.net,Female,75.10.178.155,ZFM,UNG,05/10/2021,18/07/2023
903,Issi,Bedford,ibedfordp2@domainmarket.com,Female,9.43.231.85,GJT,BXA,21/06/2022,13/03/2024
904,Carlen,Oliveira,coliveirap3@360.cn,Female,198.19.66.132,CRM,TOE,03/03/2023,24/05/2023
905,Raven,Bartosik,rbartosikp4@blogspot.com,Female,143.246.162.12,AUT,SFO,31/12/2021,19/09/2023
906,Donn,Baseggio,dbaseggiop5@sohu.com,Male,126.122.33.76,MBP,HKS,25/12/2021,06/10/2023
907,Tate,Tower,ttowerp6@nymag.com,Male,4.124.58.181,ULM,CUA,07/03/2023,29/04/2023
908,Dorris,Paulucci,dpauluccip7@wordpress.com,Genderqueer,194.64.151.236,KKB,YBQ,19/12/2022,09/08/2023
909,Therese,Oty,totyp8@csmonitor.com,Female,22.120.105.42,HNC,PIC,01/06/2022,13/12/2023
910,Nat,McGready,nmcgreadyp9@godaddy.com,Female,156.114.191.217,DJU,CKI,29/03/2021,09/06/2023
911,Darya,Wimpress,dwimpresspa@tripadvisor.com,Genderqueer,50.206.111.38,ANF,MVC,02/02/2023,15/11/2023
912,Flore,Wanden,fwandenpb@about.me,Female,88.14.36.136,0,PPF,22/05/2021,07/04/2023
913,Jayme,Hrishanok,jhrishanokpc@g.co,Female,180.31.159.164,LSA,BKE,21/10/2022,13/03/2024
914,Stephan,Dorracott,sdorracottpd@addtoany.com,Non-binary,221.85.117.175,NAQ,YZW,28/11/2021,09/05/2023
915,Ozzie,Klement,oklementpe@nytimes.com,Male,236.47.39.225,ONT,DGO,16/06/2022,28/03/2023
916,Gwennie,Hysom,ghysompf@rediff.com,Female,100.121.215.183,NPE,PDU,18/01/2023,23/05/2023
917,Rita,Hollerin,rhollerinpg@msu.edu,Agender,111.205.100.60,BAV,STI,24/08/2021,22/08/2023
918,Chelsey,Robinette,crobinetteph@marketwatch.com,Female,142.192.228.149,VCE,OCS,12/05/2022,22/04/2023
919,Cully,Peak,cpeakpi@tiny.cc,Male,33.78.95.71,WYS,TMA,16/10/2022,22/11/2023
920,Madlen,Dall,mdallpj@amazon.com,Female,19.92.226.41,UDD,EUF,27/08/2022,26/05/2023
921,Keane,Orwin,korwinpk@ovh.net,Male,120.63.180.123,SFT,CEV,28/06/2021,27/11/2023
922,Antonie,Aggett,aaggettpl@cisco.com,Female,221.188.164.155,VIG,PUY,21/03/2023,04/04/2023
923,Levi,Tayt,ltaytpm@springer.com,Male,209.223.82.193,YWS,ALL,06/05/2021,16/07/2023
924,Parrnell,Basketter,pbasketterpn@dell.com,Male,165.67.164.28,NBO,NDB,16/08/2021,19/07/2023
925,Federico,Huggens,fhuggenspo@delicious.com,Male,46.98.217.161,SVB,TTX,31/12/2021,12/12/2023
926,Joshuah,Napoleone,jnapoleonepp@squidoo.com,Male,80.9.231.243,ANY,ZBK,09/06/2022,15/02/2024
927,Stacy,Peck,speckpq@marketwatch.com,Female,40.75.111.224,HON,KAY,25/04/2021,08/03/2024
928,Franchot,Corneliussen,fcorneliussenpr@omniture.com,Male,209.189.62.244,CEM,DFI,05/03/2023,10/01/2024
929,Theodora,Olley,tolleyps@soup.io,Genderfluid,80.122.0.197,JBQ,KBY,02/08/2022,10/11/2023
930,Tommy,MacGruer,tmacgruerpt@archive.org,Female,199.162.231.155,LDX,ASQ,26/08/2021,12/05/2023
931,Holly,Chudleigh,hchudleighpu@odnoklassniki.ru,Male,167.206.1.107,WRA,MAQ,11/06/2021,12/04/2023
932,Darnell,Nathan,dnathanpv@networkadvertising.org,Male,28.168.107.222,KIU,KEY,09/07/2022,25/10/2023
933,Anne-marie,Hassin,ahassinpw@artisteer.com,Female,54.24.19.187,RBQ,WAZ,02/04/2022,26/02/2024
934,Nydia,Thomesson,nthomessonpx@blogspot.com,Female,211.17.217.172,CMI,KWZ,19/04/2022,07/06/2023
935,Ramonda,Corben,rcorbenpy@intel.com,Female,15.171.250.128,CMY,BJY,23/01/2023,16/10/2023
936,Helaine,Pracy,hpracypz@naver.com,Female,196.100.108.32,KOE,CSD,14/06/2021,12/02/2024
937,Tarah,Alexsandrev,talexsandrevq0@wikimedia.org,Female,53.112.46.138,YYT,BLJ,15/09/2022,31/07/2023
938,Ozzie,Waterstone,owaterstoneq1@ocn.ne.jp,Male,182.30.145.205,ODA,YWP,26/02/2022,20/11/2023
939,Dame,Acutt,dacuttq2@webeden.co.uk,Male,213.108.190.95,GTB,KBB,16/02/2023,17/04/2023
940,Ailbert,Dorr,adorrq3@opera.com,Male,101.86.214.239,CHJ,ONS,03/05/2021,31/05/2023
941,Toby,Swadlen,tswadlenq4@sakura.ne.jp,Male,174.102.44.202,OTZ,XLW,10/05/2021,08/11/2023
942,Antin,Camoletto,acamolettoq5@amazon.com,Polygender,194.6.204.211,KHW,FLB,09/05/2021,01/12/2023
943,Jens,Childe,jchildeq6@facebook.com,Male,133.198.83.113,GSS,WAZ,27/04/2022,10/06/2023
944,Wenonah,Schohier,wschohierq7@t.co,Female,27.66.95.177,TMC,TIF,20/02/2022,08/03/2024
945,Siffre,Treven,strevenq8@fotki.com,Male,1.22.171.64,PAE,COL,04/11/2022,16/10/2023
946,Lorne,Ellif,lellifq9@usgs.gov,Polygender,131.201.85.100,NRB,0,09/12/2021,07/11/2023
947,Bord,Franzelini,bfranzeliniqa@boston.com,Male,171.94.3.205,HBD,SBC,08/10/2022,01/12/2023
948,Melvin,Critchlow,mcritchlowqb@123-reg.co.uk,Male,197.190.95.227,PBG,OXR,03/03/2022,11/02/2024
949,Erwin,Slixby,eslixbyqc@youtube.com,Male,124.210.8.115,RMB,CCA,01/09/2022,18/04/2023
950,Wandie,MacAllaster,wmacallasterqd@paginegialle.it,Female,31.225.87.79,AEM,SSW,30/09/2022,16/02/2024
951,Marieann,Sargood,msargoodqe@newsvine.com,Non-binary,102.89.165.249,ANZ,OUH,23/09/2022,14/03/2024
952,Martin,Casbourne,mcasbourneqf@noaa.gov,Male,75.21.117.174,BGU,BBU,04/08/2022,18/03/2024
953,Rosaline,Gunda,rgundaqg@wufoo.com,Female,215.6.241.178,KWP,ISP,11/06/2021,15/08/2023
954,Jeniece,Petrelli,jpetrelliqh@wikimedia.org,Female,196.73.229.132,GMA,SNX,22/01/2023,11/09/2023
955,Regan,Sidworth,rsidworthqi@upenn.edu,Female,99.98.193.21,JNA,LAU,19/03/2022,20/07/2023
956,Itch,Leppingwell,ileppingwellqj@bbb.org,Male,189.223.180.65,SUP,LTK,05/04/2022,05/09/2023
957,Mickie,Garrioch,mgarriochqk@quantcast.com,Female,10.216.137.164,PHE,BMP,15/09/2022,11/05/2023
958,Yvor,Omond,yomondql@whitehouse.gov,Male,6.68.21.22,DUQ,YQQ,27/12/2021,24/05/2023
959,Damara,Swetland,dswetlandqm@washingtonpost.com,Female,9.209.126.74,ENC,DAT,29/07/2022,14/05/2023
960,Alick,Withers,awithersqn@drupal.org,Male,105.209.98.105,LRQ,ZST,22/04/2022,21/01/2024
961,Ginnie,Tripony,gtriponyqo@oaic.gov.au,Female,231.116.3.1,POO,WIC,03/02/2023,15/02/2024
962,Camel,Digance,cdiganceqp@spotify.com,Female,28.232.194.148,LZI,SBZ,15/02/2022,19/02/2024
963,Rowena,Carsberg,rcarsbergqq@harvard.edu,Female,58.197.52.134,CRX,KMR,03/04/2022,16/05/2023
964,Jamil,Treuge,jtreugeqr@yale.edu,Bigender,251.76.32.157,TAE,GRV,27/03/2022,11/01/2024
965,Cordelie,holmes,cholmesqs@delicious.com,Female,27.19.81.80,KLF,PXU,12/03/2022,03/04/2023
966,Sonny,Bortolutti,sbortoluttiqt@shutterfly.com,Female,14.129.107.138,MCF,GSU,12/03/2022,20/12/2023
967,Analise,Nisby,anisbyqu@dropbox.com,Female,203.211.136.100,APG,LLB,06/03/2022,12/07/2023
968,Frasco,Pickworth,fpickworthqv@intel.com,Male,147.143.215.102,AIV,BTD,21/10/2021,09/12/2023
969,Delinda,Clardge,dclardgeqw@dagondesign.com,Female,202.88.158.165,JNN,CPS,06/11/2022,02/04/2023
970,Dynah,Bucknall,dbucknallqx@cnet.com,Female,42.183.82.118,GMR,STH,19/12/2022,19/03/2024
971,Aubine,Hartridge,ahartridgeqy@bloomberg.com,Female,210.111.123.163,CIU,TYN,11/01/2022,07/07/2023
972,Ann-marie,Pountain,apountainqz@tmall.com,Female,244.164.10.11,LOF,HRS,30/09/2022,06/11/2023
973,Arlina,Wilcocke,awilcocker0@hhs.gov,Female,204.81.137.174,CGJ,BZR,11/01/2022,01/08/2023
974,Perri,Carlan,pcarlanr1@sciencedirect.com,Female,71.3.155.139,MDJ,TOR,16/01/2022,12/06/2023
975,Cob,Sidnell,csidnellr2@geocities.com,Male,210.95.153.83,SOI,CDF,20/11/2022,16/02/2024
976,Caressa,Ivanchenkov,civanchenkovr3@comcast.net,Female,10.199.63.57,LAK,ZHA,03/12/2021,12/04/2023
977,Agnese,McBrier,amcbrierr4@google.pl,Female,255.244.135.204,BRV,QCU,04/05/2021,30/03/2023
978,Mendie,Simms,msimmsr5@fda.gov,Male,225.74.242.191,OLS,DDD,01/07/2021,22/06/2023
979,Barbabas,Clewes,bclewesr6@theguardian.com,Polygender,186.205.90.13,CNE,BOD,31/08/2021,10/02/2024
980,Elliott,Anglish,eanglishr7@furl.net,Male,81.64.72.48,IMN,EGI,18/10/2022,29/02/2024
981,Kit,Oliveti,kolivetir8@seesaa.net,Female,43.97.233.25,GCV,HGT,22/12/2022,21/11/2023
982,Jessa,Lally,jlallyr9@hostgator.com,Female,147.63.126.21,YIP,BWA,26/11/2022,15/01/2024
983,Orv,Willoughley,owilloughleyra@reddit.com,Male,129.221.95.66,TUB,TOZ,24/07/2022,29/07/2023
984,Sebastien,Willard,swillardrb@behance.net,Male,41.132.145.92,GGW,LGB,12/08/2022,07/09/2023
985,Margalit,Laurenzi,mlaurenzirc@guardian.co.uk,Female,0.105.8.166,IGD,DJM,29/09/2021,01/07/2023
986,Marley,Deinhardt,mdeinhardtrd@home.pl,Female,133.230.112.31,0,GOA,11/05/2021,17/07/2023
987,Latia,Buxsey,lbuxseyre@cnbc.com,Female,38.155.81.122,MVO,PND,17/08/2021,27/08/2023
988,Bartel,Storie,bstorierf@unc.edu,Male,53.173.179.91,AQY,SAN,27/03/2021,31/10/2023
989,Nobie,Weldrake,nweldrakerg@dailymail.co.uk,Genderqueer,62.98.100.153,BOB,QEF,06/03/2023,02/06/2023
990,Ginni,Bingle,gbinglerh@who.int,Genderqueer,99.67.240.182,TJM,TGM,17/08/2021,18/01/2024
991,Alexandre,Swayte,aswayteri@wsj.com,Male,95.17.2.168,BWB,JOL,29/10/2022,20/05/2023
992,Emilee,Yatman,eyatmanrj@etsy.com,Female,161.73.132.205,VII,FAC,12/07/2021,17/02/2024
993,Graig,Wearn,gwearnrk@google.cn,Male,39.175.2.84,BNO,ALO,23/09/2021,27/03/2023
994,Ozzy,Atlay,oatlayrl@booking.com,Male,242.194.168.116,YCN,MIA,14/03/2022,14/10/2023
995,Rogerio,Skyner,rskynerrm@fema.gov,Male,141.141.167.209,UJE,EOR,20/02/2023,22/07/2023
996,Marylou,Tredwell,mtredwellrn@chron.com,Female,14.42.186.235,TME,LBG,21/10/2022,25/01/2024
997,Ly,Genge,lgengero@merriam-webster.com,Male,210.64.53.187,BRP,EDD,12/02/2022,23/03/2023
998,Rudolf,Browse,rbrowserp@edublogs.org,Male,89.116.7.145,ZNZ,KYD,09/09/2021,10/02/2024
999,Isadore,Vannah,ivannahrq@squarespace.com,Male,124.236.24.194,NMG,LAM,28/04/2021,21/07/2023
1000,Stafani,Cholwell,scholwellrr@cnbc.com,Female,133.95.8.141,PEI,PBU,19/05/2021,29/05/2023
